-- ============================================================================
-- SG-Tracker — one-time database setup
-- Paste this whole file into the Neon SQL Editor and click "Run".
-- It creates all tables and loads the existing tracker data.
-- Safe to run more than once (won't duplicate or overwrite data).
-- ============================================================================

CREATE TABLE IF NOT EXISTS "account" (
	"userId" text NOT NULL,
	"type" text NOT NULL,
	"provider" text NOT NULL,
	"providerAccountId" text NOT NULL,
	"refresh_token" text,
	"access_token" text,
	"expires_at" integer,
	"token_type" text,
	"scope" text,
	"id_token" text,
	"session_state" text,
	CONSTRAINT "account_provider_providerAccountId_pk" PRIMARY KEY("provider","providerAccountId")
);
--> statement-breakpoint
CREATE TABLE IF NOT EXISTS "activity" (
	"id" text PRIMARY KEY NOT NULL,
	"ts" timestamp DEFAULT now() NOT NULL,
	"type" text NOT NULL,
	"topic" text DEFAULT '' NOT NULL,
	"msg" text NOT NULL,
	"actor" text
);
--> statement-breakpoint
CREATE TABLE IF NOT EXISTS "allowlist" (
	"email" text PRIMARY KEY NOT NULL,
	"addedAt" timestamp DEFAULT now() NOT NULL
);
--> statement-breakpoint
CREATE TABLE IF NOT EXISTS "categories" (
	"id" text PRIMARY KEY NOT NULL,
	"name" text NOT NULL,
	"color" text NOT NULL,
	"position" integer DEFAULT 0 NOT NULL
);
--> statement-breakpoint
CREATE TABLE IF NOT EXISTS "history" (
	"week" text PRIMARY KEY NOT NULL,
	"date" text NOT NULL,
	"overall" integer NOT NULL,
	"done" integer NOT NULL,
	"total" integer NOT NULL,
	"cats" jsonb NOT NULL
);
--> statement-breakpoint
CREATE TABLE IF NOT EXISTS "items" (
	"id" text PRIMARY KEY NOT NULL,
	"category_id" text NOT NULL,
	"position" integer DEFAULT 0 NOT NULL,
	"data" jsonb NOT NULL,
	"version" integer DEFAULT 0 NOT NULL,
	"updated_at" timestamp DEFAULT now() NOT NULL,
	"updated_by" text
);
--> statement-breakpoint
CREATE TABLE IF NOT EXISTS "plan_meta" (
	"id" integer PRIMARY KEY NOT NULL,
	"start" text NOT NULL
);
--> statement-breakpoint
CREATE TABLE IF NOT EXISTS "session" (
	"sessionToken" text PRIMARY KEY NOT NULL,
	"userId" text NOT NULL,
	"expires" timestamp NOT NULL
);
--> statement-breakpoint
CREATE TABLE IF NOT EXISTS "user" (
	"id" text PRIMARY KEY NOT NULL,
	"name" text,
	"email" text NOT NULL,
	"emailVerified" timestamp,
	"image" text
);
--> statement-breakpoint
CREATE TABLE IF NOT EXISTS "verificationToken" (
	"identifier" text NOT NULL,
	"token" text NOT NULL,
	"expires" timestamp NOT NULL,
	CONSTRAINT "verificationToken_identifier_token_pk" PRIMARY KEY("identifier","token")
);
--> statement-breakpoint
DO $$ BEGIN
 ALTER TABLE "account" ADD CONSTRAINT "account_userId_user_id_fk" FOREIGN KEY ("userId") REFERENCES "public"."user"("id") ON DELETE cascade ON UPDATE no action;
EXCEPTION
 WHEN duplicate_object THEN null;
END $$;
--> statement-breakpoint
DO $$ BEGIN
 ALTER TABLE "items" ADD CONSTRAINT "items_category_id_categories_id_fk" FOREIGN KEY ("category_id") REFERENCES "public"."categories"("id") ON DELETE cascade ON UPDATE no action;
EXCEPTION
 WHEN duplicate_object THEN null;
END $$;
--> statement-breakpoint
DO $$ BEGIN
 ALTER TABLE "session" ADD CONSTRAINT "session_userId_user_id_fk" FOREIGN KEY ("userId") REFERENCES "public"."user"("id") ON DELETE cascade ON UPDATE no action;
EXCEPTION
 WHEN duplicate_object THEN null;
END $$;

-- ----- seed data -----
INSERT INTO "plan_meta" ("id","start") VALUES (1, '2026-06-16') ON CONFLICT ("id") DO NOTHING;
INSERT INTO "categories" ("id","name","color","position") VALUES ('ey3mnra1', 'Team & Culture', '#c2683a', 0) ON CONFLICT ("id") DO NOTHING;
INSERT INTO "categories" ("id","name","color","position") VALUES ('hnutbqp0', 'Portfolio Management', '#2f6b5e', 1) ON CONFLICT ("id") DO NOTHING;
INSERT INTO "categories" ("id","name","color","position") VALUES ('sp2a28mp', 'Partners & SG Ecosystem', '#5b6aa8', 2) ON CONFLICT ("id") DO NOTHING;
INSERT INTO "categories" ("id","name","color","position") VALUES ('eoitkq5a', 'Investing, Due Diligence & Risk', '#a8443a', 3) ON CONFLICT ("id") DO NOTHING;
INSERT INTO "categories" ("id","name","color","position") VALUES ('2fbvnvuq', 'Fundraising, PR & Investor Relations', '#b08527', 4) ON CONFLICT ("id") DO NOTHING;
INSERT INTO "items" ("id","category_id","position","data","version","updated_by") VALUES
('wbfpfvnz', 'ey3mnra1', 0, '{"title":"Reestablish the weekly process meeting","owner":"Luisa Reis","status":"not_started","priority":"high","phase":1,"start":"2026-06-16","due":"2026-08-23","checkpoints":[{"id":"q5zi7a16","label":"Define agenda, owner & cadence","date":"2026-07-09","done":false},{"id":"o3i12e53","label":"Hold first weekly meeting","date":"2026-07-31","done":false},{"id":"d9is33dd","label":"30-day cadence review","date":"2026-08-23","done":false}],"notes":[],"owner2":"","completedAt":null}'::jsonb, 0, 'seed'),
('geetms6s', 'ey3mnra1', 1, '{"title":"Introduce a dedicated AI projects best-practices & status meeting","owner":"Alexandre","status":"not_started","priority":"high","phase":1,"start":"2026-06-16","due":"2026-08-23","checkpoints":[{"id":"tp234asx","label":"Set format & invite list","date":"2026-07-09","done":false},{"id":"stqlthlj","label":"Run first session","date":"2026-07-31","done":false},{"id":"6qvvtj05","label":"Capture best-practices doc","date":"2026-08-23","done":false},{"id":"q5j931hk","label":"Initial Report to Compliance","date":"2026-08-23","done":false},{"id":"sbdse46p","label":"AI training best practices","date":"2026-08-23","done":false}],"notes":[],"owner2":"Lorenzo","completedAt":null}'::jsonb, 0, 'seed'),
('1c1nrr4n', 'ey3mnra1', 2, '{"title":"Upgrade office environment and furniture","owner":"Carla Biasi","status":"not_started","priority":"med","phase":2,"start":"2026-09-16","due":"2026-11-23","checkpoints":[{"id":"5l0r7axs","label":"Assess needs & budget","date":"2026-10-09","done":false},{"id":"kwiiuf2u","label":"Order furniture / fit-out","date":"2026-10-31","done":false},{"id":"g0vzuws6","label":"Complete installation","date":"2026-11-23","done":false},{"id":"j81220mi","label":"Improve audio infrastructure for video conferences","date":"2026-11-23","done":false}],"notes":[],"owner2":"","completedAt":null}'::jsonb, 0, 'seed'),
('diclhuge', 'ey3mnra1', 3, '{"title":"Define and communicate clear roles for all team members","owner":"Cesar Collier","status":"not_started","priority":"high","phase":1,"start":"2026-06-16","due":"2026-08-23","checkpoints":[{"id":"b10j4xsb","label":"Draft role descriptions","date":"2026-07-09","done":false},{"id":"nc210x7n","label":"Review with team","date":"2026-07-31","done":false},{"id":"kiq3cyh6","label":"Publish & communicate","date":"2026-08-23","done":false}],"notes":[],"owner2":"","completedAt":null}'::jsonb, 0, 'seed'),
('wct4c5v4', 'ey3mnra1', 4, '{"title":"CC to individually coach each team member","owner":"Cesar Collier","status":"not_started","priority":"med","phase":2,"start":"2026-09-16","due":"2026-11-23","checkpoints":[{"id":"i7npr632","label":"Schedule 1:1 cadence","date":"2026-10-09","done":false},{"id":"7uwgnlzd","label":"First coaching round","date":"2026-10-31","done":false},{"id":"mpyf8uic","label":"Quarterly progress review","date":"2026-11-23","done":false}],"notes":[],"owner2":"","completedAt":null}'::jsonb, 0, 'seed'),
('434l1vsv', 'ey3mnra1', 5, '{"title":"Schedule an offsite & implement a recurring culture meeting","owner":"Luisa Reis","status":"not_started","priority":"med","phase":2,"start":"2026-09-16","due":"2026-11-23","checkpoints":[{"id":"4nc4z10p","label":"Pick date & venue","date":"2026-10-09","done":false},{"id":"5s59ptrt","label":"Run offsite","date":"2026-10-31","done":false},{"id":"7cqh409g","label":"Launch recurring culture meeting","date":"2026-11-23","done":false}],"notes":[],"health":"green","owner2":"","completedAt":null}'::jsonb, 0, 'seed'),
('tqdg1uwq', 'ey3mnra1', 6, '{"title":"Deliver two to three HBS case-study classes","owner":"Cesar Collier","status":"not_started","priority":"med","phase":3,"start":"2026-12-16","due":"2027-02-22","checkpoints":[{"id":"4nlk8nue","label":"Select cases & facilitator","date":"2027-01-08","done":false},{"id":"pvquig1z","label":"Run first class","date":"2027-01-30","done":false},{"id":"0ilfhul5","label":"Complete class series","date":"2027-02-22","done":false}],"notes":[],"owner2":"","completedAt":null}'::jsonb, 0, 'seed'),
('npg0apd3', 'ey3mnra1', 7, '{"title":"Provide training in public speaking & meeting facilitation","owner":"Cesar Collier","status":"not_started","priority":"low","phase":3,"start":"2026-12-16","due":"2027-02-22","checkpoints":[{"id":"q772cmrx","label":"Choose program / trainer","date":"2027-01-08","done":false},{"id":"o3il01xw","label":"First training session","date":"2027-01-30","done":false},{"id":"cuj0d9xe","label":"Practice & feedback round","date":"2027-02-22","done":false}],"notes":[],"owner2":"","completedAt":null}'::jsonb, 0, 'seed'),
('1yqdyajl', 'ey3mnra1', 8, '{"title":"Expand team social events (happy hours, lunches, sports)","owner":"Bernardo Piquet","status":"not_started","priority":"low","phase":2,"start":"2026-09-16","due":"2026-11-23","checkpoints":[{"id":"168zap56","label":"Plan events calendar","date":"2026-10-09","done":false},{"id":"wnb9w65h","label":"Host first events","date":"2026-10-31","done":false},{"id":"w8kk74hf","label":"Review engagement","date":"2026-11-23","done":false}],"notes":[],"owner2":"","completedAt":null}'::jsonb, 0, 'seed'),
('9dmty80f', 'ey3mnra1', 9, '{"title":"Stablish Values Moto","owner":"Pedro Aranha","status":"not_started","priority":"high","phase":1,"start":"2026-06-16","due":"2026-07-16","checkpoints":[],"notes":[],"owner2":"","completedAt":null}'::jsonb, 0, 'seed'),
('5prlmmae', 'ey3mnra1', 10, '{"title":"Plan Risk and Control Function","owner":"Marcos Tage","status":"not_started","priority":"med","phase":1,"start":"2026-06-16","due":"2026-07-16","checkpoints":[],"notes":[],"owner2":"","completedAt":null}'::jsonb, 0, 'seed'),
('7zx801c6', 'hnutbqp0', 0, '{"title":"Build an AI-powered online deal-flow panel","owner":"Alexandre","status":"not_started","priority":"high","phase":2,"start":"2026-09-16","due":"2026-11-23","checkpoints":[{"id":"jbk1htvp","label":"Define requirements","date":"2026-10-09","done":false},{"id":"opqt8zg0","label":"Build MVP","date":"2026-10-31","done":false},{"id":"3rh08ev6","label":"Roll out to team","date":"2026-11-23","done":false}],"notes":[],"owner2":"Lorenzo","completedAt":null}'::jsonb, 0, 'seed'),
('thit1rtm', 'hnutbqp0', 1, '{"title":"Implement a local ERP system with AI integration","owner":"Alexandre","status":"not_started","priority":"high","phase":3,"start":"2026-12-16","due":"2027-02-22","checkpoints":[{"id":"8oseaam2","label":"Select ERP & scope","date":"2027-01-08","done":false},{"id":"1phbk9oy","label":"Configure & integrate AI","date":"2027-01-30","done":false},{"id":"x382h1nl","label":"Go live","date":"2027-02-22","done":false}],"notes":[],"owner2":"Lorenzo","completedAt":null}'::jsonb, 0, 'seed'),
('o0sjed42', 'hnutbqp0', 2, '{"title":"Develop an AI-assisted exit calculator tool","owner":"Lorenzo","status":"not_started","priority":"med","phase":2,"start":"2026-09-16","due":"2026-11-23","checkpoints":[{"id":"nnu9iegr","label":"Define model logic","date":"2026-10-09","done":false},{"id":"0ago8y6k","label":"Build prototype","date":"2026-10-31","done":false},{"id":"2kj3plrk","label":"Validate with real deals","date":"2026-11-23","done":false}],"notes":[],"owner2":"Marcos","completedAt":null}'::jsonb, 0, 'seed'),
('72a2r2hd', 'hnutbqp0', 3, '{"title":"Consolidate all controls & systems into a unified AI database (US & Brazil)","owner":"Alexandre","status":"not_started","priority":"high","phase":3,"start":"2026-12-16","due":"2027-02-22","checkpoints":[{"id":"0qroms08","label":"Map existing systems","date":"2027-01-08","done":false},{"id":"t34m4bss","label":"Design unified schema","date":"2027-01-30","done":false},{"id":"f4io9fg3","label":"Migrate & validate data","date":"2027-02-22","done":false}],"notes":[],"owner2":"Lorenzo","completedAt":null}'::jsonb, 0, 'seed'),
('jyqwl8mx', 'hnutbqp0', 4, '{"title":"Integrate daily legal claims & portfolio movements into the AI ERP","owner":"Lorenzo","status":"not_started","priority":"med","phase":3,"start":"2027-03-16","due":"2027-05-23","checkpoints":[{"id":"zlns2hb4","label":"Define data feeds","date":"2027-04-08","done":false},{"id":"i13u97xg","label":"Build integration","date":"2027-04-30","done":false},{"id":"6s05qe6o","label":"Confirm daily sync","date":"2027-05-23","done":false}],"notes":[],"owner2":"Guilherme","completedAt":null}'::jsonb, 0, 'seed'),
('4rwbp3f5', 'hnutbqp0', 5, '{"title":"Improve communication & visibility on settlements & exits","owner":"Luiza de Munno","status":"not_started","priority":"high","phase":1,"start":"2026-06-16","due":"2026-08-23","checkpoints":[{"id":"63kt140v","label":"Define reporting format","date":"2026-07-09","done":false},{"id":"w19qew2r","label":"Set update cadence","date":"2026-07-31","done":false},{"id":"aqa51y9x","label":"First distribution","date":"2026-08-23","done":false}],"notes":[{"id":"noaq4nh2","text":"Discutir formato para ter um weekly de news tb","date":"2026-06-19"}],"owner2":"Mario","completedAt":null}'::jsonb, 0, 'seed'),
('qls9n8mv', 'sp2a28mp', 0, '{"title":"Implement formal governance for invested partners (Lass, VLS, Almina, Ticiano AI tool)","owner":"Daniel Vieira","status":"not_started","priority":"high","phase":2,"start":"2026-09-16","due":"2026-11-23","checkpoints":[{"id":"vs2xzaxk","label":"Define reports, meetings & controls","date":"2026-10-09","done":false},{"id":"q73jonl9","label":"Agree cadence with partners","date":"2026-10-31","done":false},{"id":"clmqzk2q","label":"First governance cycle","date":"2026-11-23","done":false}],"notes":[{"id":"evgtpp52","text":"Discutir template de informações e formato de reporting padrão entre as investidas","date":"2026-06-19"}],"owner2":"Pedro Aranha","completedAt":null}'::jsonb, 0, 'seed'),
('drint81w', 'sp2a28mp', 1, '{"title":"Standardize the Consignado proposal for partners","owner":"Daniel Vieira","status":"not_started","priority":"high","phase":1,"start":"2026-06-16","due":"2026-08-23","checkpoints":[{"id":"9lybwvdw","label":"Draft standard proposal","date":"2026-07-09","done":false},{"id":"gk34x9jw","label":"Internal review","date":"2026-07-31","done":false},{"id":"bgpspczd","label":"Approve & circulate","date":"2026-08-23","done":false}],"notes":[],"owner2":"","completedAt":null}'::jsonb, 0, 'seed'),
('mji0qtl3', 'sp2a28mp', 2, '{"title":"Formalize the BLC proposal for partners","owner":"Luiza de Munno","status":"not_started","priority":"med","phase":1,"start":"2026-06-16","due":"2026-08-23","checkpoints":[{"id":"2358n931","label":"Document framework","date":"2026-07-09","done":false},{"id":"wcaofx90","label":"Legal / IC review","date":"2026-07-31","done":false},{"id":"a2e3lsk9","label":"Publish final proposal","date":"2026-08-23","done":false}],"notes":[],"owner2":"","completedAt":null}'::jsonb, 0, 'seed'),
('jdx3pt29', 'sp2a28mp', 3, '{"title":"Standardize the onboarding process for new partners","owner":"Daniel Vieira","status":"not_started","priority":"med","phase":2,"start":"2026-09-16","due":"2026-11-23","checkpoints":[{"id":"4bv78a0d","label":"Map onboarding steps","date":"2026-10-09","done":false},{"id":"xrr2t9qj","label":"Build checklist & templates","date":"2026-10-31","done":false},{"id":"px89cicd","label":"Pilot with one partner","date":"2026-11-23","done":false}],"notes":[],"owner2":"","completedAt":null}'::jsonb, 0, 'seed'),
('x7dd9ihs', 'sp2a28mp', 4, '{"title":"Designate a single point of contact for each partner","owner":"Marcos Tage","status":"not_started","priority":"high","phase":1,"start":"2026-06-16","due":"2026-08-23","checkpoints":[{"id":"9k0hymvx","label":"Map partners to owners","date":"2026-07-09","done":false},{"id":"ixbyk1es","label":"Communicate to partners","date":"2026-07-31","done":false},{"id":"9b0tpmxw","label":"Confirm coverage","date":"2026-08-23","done":false}],"notes":[],"owner2":"","completedAt":null}'::jsonb, 0, 'seed'),
('0ax5on97', 'sp2a28mp', 5, '{"title":"Implement a partner risk report (admin, regulatory, development)","owner":"Daniel Vieira","status":"not_started","priority":"med","phase":3,"start":"2026-12-16","due":"2027-02-22","checkpoints":[{"id":"hfh6k5i2","label":"Define risk indicators","date":"2027-01-08","done":false},{"id":"hh17vvui","label":"Build report template","date":"2027-01-30","done":false},{"id":"uk0wr5x4","label":"First reporting cycle","date":"2027-02-22","done":false}],"notes":[],"owner2":"Luisa Reis","completedAt":null}'::jsonb, 0, 'seed'),
('ziikl2cj', 'sp2a28mp', 6, '{"title":"Explore creation of a Consignado company modeled on Lass","owner":"Daniel Vieira","status":"not_started","priority":"low","phase":3,"start":"2027-03-16","due":"2027-05-23","checkpoints":[{"id":"vhrubpu3","label":"Feasibility study","date":"2027-04-08","done":false},{"id":"r1r6dz98","label":"Business case & structure","date":"2027-04-30","done":false},{"id":"ha2276kh","label":"Go / no-go decision","date":"2027-05-23","done":false}],"notes":[],"owner2":"Pedro Aranha","completedAt":null}'::jsonb, 0, 'seed'),
('we7xjxbw', 'eoitkq5a', 0, '{"title":"Develop a go/no-go checklist for new deals (pre-IC)","owner":"Lorenzo","status":"not_started","priority":"high","phase":1,"start":"2026-06-16","due":"2026-08-23","checkpoints":[{"id":"xkjkvfct","label":"Draft checklist","date":"2026-07-09","done":false},{"id":"ya57vjiq","label":"Pilot on next deal","date":"2026-07-31","done":false},{"id":"4senl026","label":"Mandate before IC","date":"2026-08-23","done":false}],"notes":[],"owner2":"","completedAt":null}'::jsonb, 0, 'seed'),
('47q8liim', 'eoitkq5a', 1, '{"title":"Establish a pipeline meeting without CC","owner":"Marcos Tage","status":"not_started","priority":"med","phase":1,"start":"2026-06-16","due":"2026-08-23","checkpoints":[{"id":"ip1ukf4m","label":"Set format & attendees","date":"2026-07-09","done":false},{"id":"h1ngtqtv","label":"Run first meeting","date":"2026-07-31","done":false},{"id":"jb2gagzb","label":"Cadence review","date":"2026-08-23","done":false}],"notes":[],"owner2":"","completedAt":null}'::jsonb, 0, 'seed'),
('x5uer5ce', 'eoitkq5a', 2, '{"title":"Merge the global BLC IC with the Consignado IC","owner":"Cesar Collier","status":"not_started","priority":"med","phase":2,"start":"2026-09-16","due":"2026-11-23","checkpoints":[{"id":"3wqhntzd","label":"Align agendas & members","date":"2026-10-09","done":false},{"id":"fb4h3vea","label":"Define merged process","date":"2026-10-31","done":false},{"id":"q4anz542","label":"First combined IC","date":"2026-11-23","done":false}],"notes":[],"owner2":"","completedAt":null}'::jsonb, 0, 'seed'),
('l3pyi5oa', 'eoitkq5a', 3, '{"title":"Receive regular reports on legal status of cases & theses","owner":"Manoel Tavares","status":"not_started","priority":"high","phase":1,"start":"2026-06-16","due":"2026-08-23","checkpoints":[{"id":"jyxz6fkw","label":"Define report scope","date":"2026-07-09","done":false},{"id":"pkbm0vn0","label":"Set cadence","date":"2026-07-31","done":false},{"id":"ayq55ud2","label":"First report delivered","date":"2026-08-23","done":false}],"notes":[],"owner2":"","completedAt":null}'::jsonb, 0, 'seed'),
('75a4oldj', 'eoitkq5a', 4, '{"title":"Sharpen focus & communication in local IC meetings","owner":"Cesar Collier","status":"not_started","priority":"med","phase":1,"start":"2026-06-16","due":"2026-08-23","checkpoints":[{"id":"4hkhfsoy","label":"Define IC standards","date":"2026-07-09","done":false},{"id":"zrwih1oo","label":"Update agenda template","date":"2026-07-31","done":false},{"id":"r51xt7ba","label":"Review after 2 ICs","date":"2026-08-23","done":false}],"notes":[],"owner2":"","completedAt":null}'::jsonb, 0, 'seed'),
('qcyzdlrk', 'eoitkq5a', 5, '{"title":"Implement red/yellow/green flag reporting across risk layers (AI-monitored)","owner":"Daniel Vieira","status":"not_started","priority":"high","phase":3,"start":"2026-12-16","due":"2027-02-22","checkpoints":[{"id":"10lgp1ya","label":"Define flag criteria","date":"2027-01-08","done":false},{"id":"iog702dw","label":"Build AI monitoring","date":"2027-01-30","done":false},{"id":"jzo3r37q","label":"Roll out dashboard","date":"2027-02-22","done":false}],"notes":[],"owner2":"Luisa Reis","completedAt":null}'::jsonb, 0, 'seed'),
('z88elq9n', 'eoitkq5a', 6, '{"title":"Establish an in-office CCO function with AI support","owner":"Cesar Collier","status":"not_started","priority":"high","phase":3,"start":"2026-12-16","due":"2027-02-22","checkpoints":[{"id":"icnqcgx2","label":"Define CCO mandate","date":"2027-01-08","done":false},{"id":"fyqtdvhd","label":"Assign & tool up","date":"2027-01-30","done":false},{"id":"dhfyh21c","label":"Operational review","date":"2027-02-22","done":false}],"notes":[],"owner2":"Carla Biasi","completedAt":null}'::jsonb, 0, 'seed'),
('yj4sirqu', '2fbvnvuq', 0, '{"title":"Provide IR with regular portfolio updates","owner":"Luisa Reis","status":"not_started","priority":"high","phase":1,"start":"2026-06-16","due":"2026-08-23","checkpoints":[{"id":"bfewbkbv","label":"Define update pack","date":"2026-07-09","done":false},{"id":"5ljaj8w4","label":"Set cadence","date":"2026-07-31","done":false},{"id":"4z0a0h6p","label":"First update sent","date":"2026-08-23","done":false}],"notes":[],"owner2":"","completedAt":null}'::jsonb, 0, 'seed'),
('dfhslp2s', '2fbvnvuq', 1, '{"title":"Enhance investor communication with AI-assisted tools","owner":"Luisa Reis","status":"not_started","priority":"med","phase":2,"start":"2026-09-16","due":"2026-11-23","checkpoints":[{"id":"1wo64ajg","label":"Select tools","date":"2026-10-09","done":false},{"id":"4duw50p6","label":"Build templates","date":"2026-10-31","done":false},{"id":"63606wl0","label":"Roll out to IR","date":"2026-11-23","done":false}],"notes":[],"owner2":"","completedAt":null}'::jsonb, 0, 'seed'),
('dmov8gup', '2fbvnvuq', 2, '{"title":"Increase events with local partners","owner":"Luisa Reis","status":"not_started","priority":"med","phase":2,"start":"2026-09-16","due":"2026-11-23","checkpoints":[{"id":"n1xqel7n","label":"Plan event calendar","date":"2026-10-09","done":false},{"id":"2775whj2","label":"Host first event","date":"2026-10-31","done":false},{"id":"sp0epfwo","label":"Review pipeline impact","date":"2026-11-23","done":false}],"notes":[],"owner2":"","completedAt":null}'::jsonb, 0, 'seed'),
('b6xgow97', '2fbvnvuq', 3, '{"title":"Strengthen local fundraising efforts","owner":"Luisa Reis","status":"not_started","priority":"high","phase":2,"start":"2026-09-16","due":"2026-11-23","checkpoints":[{"id":"qgoxzwp3","label":"Define target investors","date":"2026-10-09","done":false},{"id":"zsvlrnb0","label":"Outreach plan","date":"2026-10-31","done":false},{"id":"u973e88f","label":"First commitments","date":"2026-11-23","done":false}],"notes":[],"owner2":"","completedAt":null}'::jsonb, 0, 'seed'),
('y5j75ikv', '2fbvnvuq', 4, '{"title":"Develop a local fundraising strategy for US products (e.g., XP)","owner":"Luisa Reis","status":"not_started","priority":"med","phase":3,"start":"2026-12-16","due":"2027-02-22","checkpoints":[{"id":"mwo5zge6","label":"Market & product analysis","date":"2027-01-08","done":false},{"id":"w0yo97pp","label":"Draft strategy","date":"2027-01-30","done":false},{"id":"aprjtgts","label":"Approve & launch","date":"2027-02-22","done":false}],"notes":[],"owner2":"","completedAt":null}'::jsonb, 0, 'seed')
ON CONFLICT ("id") DO NOTHING;
INSERT INTO "activity" ("id","ts","type","topic","msg","actor") VALUES
('ayap76p9', '2026-06-19T16:31:48.533Z', 'owner', 'Expand team social events (happy hours, lunches, sports)', '“Expand team social events (happy hours, lunches, sports)”: owner Luis → Luisa', NULL),
('j2updc1x', '2026-06-19T16:31:48.656Z', 'owner', 'Expand team social events (happy hours, lunches, sports)', '“Expand team social events (happy hours, lunches, sports)”: owner Luisa → Luisa ', NULL),
('xwvw8wul', '2026-06-19T16:31:48.882Z', 'owner', 'Expand team social events (happy hours, lunches, sports)', '“Expand team social events (happy hours, lunches, sports)”: owner Luisa  → Luisa R', NULL),
('02pd21xd', '2026-06-19T16:31:49.034Z', 'owner', 'Expand team social events (happy hours, lunches, sports)', '“Expand team social events (happy hours, lunches, sports)”: owner Luisa R → Luisa Re', NULL),
('u8nkrf5x', '2026-06-19T16:31:49.167Z', 'owner', 'Expand team social events (happy hours, lunches, sports)', '“Expand team social events (happy hours, lunches, sports)”: owner Luisa Re → Luisa Rei', NULL),
('t21gf5i8', '2026-06-19T16:31:49.233Z', 'owner', 'Expand team social events (happy hours, lunches, sports)', '“Expand team social events (happy hours, lunches, sports)”: owner Luisa Rei → Luisa Reis', NULL),
('m3gxmmop', '2026-06-19T16:31:53.924Z', 'owner', 'Expand team social events (happy hours, lunches, sports)', '“Expand team social events (happy hours, lunches, sports)”: owner Luisa Reis → B', NULL),
('wqxt9k0a', '2026-06-19T16:31:54.076Z', 'owner', 'Expand team social events (happy hours, lunches, sports)', '“Expand team social events (happy hours, lunches, sports)”: owner B → Be', NULL),
('rj694c4l', '2026-06-19T16:31:54.201Z', 'owner', 'Expand team social events (happy hours, lunches, sports)', '“Expand team social events (happy hours, lunches, sports)”: owner Be → Ber', NULL),
('u9d1ydh2', '2026-06-19T16:31:54.765Z', 'owner', 'Expand team social events (happy hours, lunches, sports)', '“Expand team social events (happy hours, lunches, sports)”: owner Ber → Bern', NULL),
('0urfmkwn', '2026-06-19T16:31:54.835Z', 'owner', 'Expand team social events (happy hours, lunches, sports)', '“Expand team social events (happy hours, lunches, sports)”: owner Bern → Berna', NULL),
('gl8pig0d', '2026-06-19T16:31:54.909Z', 'owner', 'Expand team social events (happy hours, lunches, sports)', '“Expand team social events (happy hours, lunches, sports)”: owner Berna → Bernar', NULL),
('92qftgkk', '2026-06-19T16:31:55.100Z', 'owner', 'Expand team social events (happy hours, lunches, sports)', '“Expand team social events (happy hours, lunches, sports)”: owner Bernar → Bernard', NULL),
('uka94m8w', '2026-06-19T16:31:55.244Z', 'owner', 'Expand team social events (happy hours, lunches, sports)', '“Expand team social events (happy hours, lunches, sports)”: owner Bernard → Bernardo', NULL),
('89vl2w3p', '2026-06-19T16:31:55.789Z', 'owner', 'Expand team social events (happy hours, lunches, sports)', '“Expand team social events (happy hours, lunches, sports)”: owner Bernardo → Bernardo ', NULL),
('z8izexj2', '2026-06-19T16:31:56.006Z', 'owner', 'Expand team social events (happy hours, lunches, sports)', '“Expand team social events (happy hours, lunches, sports)”: owner Bernardo  → Bernardo P', NULL),
('pej5ejy3', '2026-06-19T16:31:56.236Z', 'owner', 'Expand team social events (happy hours, lunches, sports)', '“Expand team social events (happy hours, lunches, sports)”: owner Bernardo P → Bernardo Pi', NULL),
('hmsnnq6x', '2026-06-19T16:31:56.438Z', 'owner', 'Expand team social events (happy hours, lunches, sports)', '“Expand team social events (happy hours, lunches, sports)”: owner Bernardo Pi → Bernardo Piq', NULL),
('v83e3n6v', '2026-06-19T16:31:56.562Z', 'owner', 'Expand team social events (happy hours, lunches, sports)', '“Expand team social events (happy hours, lunches, sports)”: owner Bernardo Piq → Bernardo Piqu', NULL),
('l1o9pw7i', '2026-06-19T16:31:56.682Z', 'owner', 'Expand team social events (happy hours, lunches, sports)', '“Expand team social events (happy hours, lunches, sports)”: owner Bernardo Piqu → Bernardo Pique', NULL),
('kgz32zts', '2026-06-19T16:31:56.850Z', 'owner', 'Expand team social events (happy hours, lunches, sports)', '“Expand team social events (happy hours, lunches, sports)”: owner Bernardo Pique → Bernardo Piquet', NULL),
('9u22oyvh', '2026-06-19T16:32:52.361Z', 'owner', 'Build an AI-powered online deal-flow panel', '“Build an AI-powered online deal-flow panel”: owner unassigned → Alexandre e Lorenzo', NULL),
('60p4vcdj', '2026-06-19T16:33:22.990Z', 'owner', 'Implement a local ERP system with AI integration', '“Implement a local ERP system with AI integration”: owner unassigned → Alexandre e Lorenzo', NULL),
('48bmh9yi', '2026-06-19T16:36:35.811Z', 'add', 'Plan Risk and Control Function', 'Added “Plan Risk and Control Function” to Team & Culture', NULL),
('sp2fld39', '2026-06-19T16:36:47.839Z', 'owner', 'Plan Risk and Control Function', '“Plan Risk and Control Function”: owner unassigned → M', NULL),
('660100b7', '2026-06-19T16:36:48.012Z', 'owner', 'Plan Risk and Control Function', '“Plan Risk and Control Function”: owner M → Ma', NULL),
('672wqqmz', '2026-06-19T16:36:48.149Z', 'owner', 'Plan Risk and Control Function', '“Plan Risk and Control Function”: owner Ma → Mar', NULL),
('bm2m9gus', '2026-06-19T16:36:48.318Z', 'owner', 'Plan Risk and Control Function', '“Plan Risk and Control Function”: owner Mar → Marc', NULL),
('25ep2xuw', '2026-06-19T16:36:48.359Z', 'owner', 'Plan Risk and Control Function', '“Plan Risk and Control Function”: owner Marc → Marco', NULL),
('ktt59w4h', '2026-06-19T16:36:48.516Z', 'owner', 'Plan Risk and Control Function', '“Plan Risk and Control Function”: owner Marco → Marcos', NULL),
('smv26p1f', '2026-06-19T16:36:48.706Z', 'owner', 'Plan Risk and Control Function', '“Plan Risk and Control Function”: owner Marcos → Marcos ', NULL),
('3oee9fn3', '2026-06-19T16:36:48.906Z', 'owner', 'Plan Risk and Control Function', '“Plan Risk and Control Function”: owner Marcos  → Marcos T', NULL),
('nwilevck', '2026-06-19T16:36:49.139Z', 'owner', 'Plan Risk and Control Function', '“Plan Risk and Control Function”: owner Marcos T → Marcos Ta', NULL),
('6v4a57x8', '2026-06-19T16:36:49.327Z', 'owner', 'Plan Risk and Control Function', '“Plan Risk and Control Function”: owner Marcos Ta → Marcos Tag', NULL),
('jborg8h6', '2026-06-19T16:36:49.391Z', 'owner', 'Plan Risk and Control Function', '“Plan Risk and Control Function”: owner Marcos Tag → Marcos Tage', NULL),
('tf3wauf3', '2026-06-19T16:40:44.348Z', 'owner', 'Develop an AI-assisted exit calculator tool', '“Develop an AI-assisted exit calculator tool”: owner unassigned → L', NULL),
('9wqv9lxb', '2026-06-19T16:40:44.538Z', 'owner', 'Develop an AI-assisted exit calculator tool', '“Develop an AI-assisted exit calculator tool”: owner L → Lo', NULL),
('08g7xyr1', '2026-06-19T16:40:46.550Z', 'owner', 'Develop an AI-assisted exit calculator tool', '“Develop an AI-assisted exit calculator tool”: owner Lo → Lor', NULL),
('a1k6e0kv', '2026-06-19T16:40:46.596Z', 'owner', 'Develop an AI-assisted exit calculator tool', '“Develop an AI-assisted exit calculator tool”: owner Lor → Lore', NULL),
('u1z22bd9', '2026-06-19T16:40:46.906Z', 'owner', 'Develop an AI-assisted exit calculator tool', '“Develop an AI-assisted exit calculator tool”: owner Lore → Loren', NULL),
('ekhyucxz', '2026-06-19T16:40:47.066Z', 'owner', 'Develop an AI-assisted exit calculator tool', '“Develop an AI-assisted exit calculator tool”: owner Loren → Lorenz', NULL),
('ztmgd4mo', '2026-06-19T16:40:47.198Z', 'owner', 'Develop an AI-assisted exit calculator tool', '“Develop an AI-assisted exit calculator tool”: owner Lorenz → Lorenzo', NULL),
('ux1ei8je', '2026-06-19T16:41:09.166Z', 'owner', 'Develop an AI-assisted exit calculator tool', '“Develop an AI-assisted exit calculator tool”: owner Lorenzo → Lorenzo ', NULL),
('yq0w0ybp', '2026-06-19T16:41:09.324Z', 'owner', 'Develop an AI-assisted exit calculator tool', '“Develop an AI-assisted exit calculator tool”: owner Lorenzo  → Lorenzo e', NULL),
('kkpamgk1', '2026-06-19T16:41:09.500Z', 'owner', 'Develop an AI-assisted exit calculator tool', '“Develop an AI-assisted exit calculator tool”: owner Lorenzo e → Lorenzo e ', NULL),
('wmugdc6i', '2026-06-19T16:41:09.830Z', 'owner', 'Develop an AI-assisted exit calculator tool', '“Develop an AI-assisted exit calculator tool”: owner Lorenzo e  → Lorenzo e M', NULL),
('gc94e5bp', '2026-06-19T16:41:11.008Z', 'owner', 'Develop an AI-assisted exit calculator tool', '“Develop an AI-assisted exit calculator tool”: owner Lorenzo e M → Lorenzo e Ma', NULL),
('au5kckku', '2026-06-19T16:41:11.287Z', 'owner', 'Develop an AI-assisted exit calculator tool', '“Develop an AI-assisted exit calculator tool”: owner Lorenzo e Ma → Lorenzo e Mar', NULL),
('r8r0erni', '2026-06-19T16:41:11.334Z', 'owner', 'Develop an AI-assisted exit calculator tool', '“Develop an AI-assisted exit calculator tool”: owner Lorenzo e Mar → Lorenzo e Marc', NULL),
('ihlhpk90', '2026-06-19T16:41:11.450Z', 'owner', 'Develop an AI-assisted exit calculator tool', '“Develop an AI-assisted exit calculator tool”: owner Lorenzo e Marc → Lorenzo e Marco', NULL),
('s4akoqw0', '2026-06-19T16:41:11.517Z', 'owner', 'Develop an AI-assisted exit calculator tool', '“Develop an AI-assisted exit calculator tool”: owner Lorenzo e Marco → Lorenzo e Marcos', NULL),
('7u6z9xx5', '2026-06-19T16:41:29.902Z', 'owner', 'Consolidate all controls & systems into a unified AI database (US & Brazil)', '“Consolidate all controls & systems into a unified AI database (US & Brazil)”: owner unassigned → J', NULL),
('vu4wcr19', '2026-06-19T16:41:30.313Z', 'owner', 'Consolidate all controls & systems into a unified AI database (US & Brazil)', '“Consolidate all controls & systems into a unified AI database (US & Brazil)”: owner J → Jo', NULL),
('2l5kmvq3', '2026-06-19T16:41:30.598Z', 'owner', 'Consolidate all controls & systems into a unified AI database (US & Brazil)', '“Consolidate all controls & systems into a unified AI database (US & Brazil)”: owner Jo → Joh', NULL),
('qov1kvtw', '2026-06-19T16:41:30.897Z', 'owner', 'Consolidate all controls & systems into a unified AI database (US & Brazil)', '“Consolidate all controls & systems into a unified AI database (US & Brazil)”: owner Joh → John', NULL),
('d1wujr8y', '2026-06-19T16:41:36.378Z', 'owner', 'Consolidate all controls & systems into a unified AI database (US & Brazil)', '“Consolidate all controls & systems into a unified AI database (US & Brazil)”: owner John → John ', NULL),
('b62znias', '2026-06-19T16:41:36.644Z', 'owner', 'Consolidate all controls & systems into a unified AI database (US & Brazil)', '“Consolidate all controls & systems into a unified AI database (US & Brazil)”: owner John  → John L', NULL),
('pl3rcp0j', '2026-06-19T16:41:36.797Z', 'owner', 'Consolidate all controls & systems into a unified AI database (US & Brazil)', '“Consolidate all controls & systems into a unified AI database (US & Brazil)”: owner John L → John Lo', NULL),
('2inn219w', '2026-06-19T16:41:36.851Z', 'owner', 'Consolidate all controls & systems into a unified AI database (US & Brazil)', '“Consolidate all controls & systems into a unified AI database (US & Brazil)”: owner John Lo → John Lor', NULL),
('05tekzgk', '2026-06-19T16:41:36.879Z', 'owner', 'Consolidate all controls & systems into a unified AI database (US & Brazil)', '“Consolidate all controls & systems into a unified AI database (US & Brazil)”: owner John Lor → John Lore', NULL),
('0l0fi6mr', '2026-06-19T16:41:37.039Z', 'owner', 'Consolidate all controls & systems into a unified AI database (US & Brazil)', '“Consolidate all controls & systems into a unified AI database (US & Brazil)”: owner John Lore → John Loren', NULL),
('4rbklnwi', '2026-06-19T16:41:37.158Z', 'owner', 'Consolidate all controls & systems into a unified AI database (US & Brazil)', '“Consolidate all controls & systems into a unified AI database (US & Brazil)”: owner John Loren → John Lorenz', NULL),
('d8jujei9', '2026-06-19T16:41:37.280Z', 'owner', 'Consolidate all controls & systems into a unified AI database (US & Brazil)', '“Consolidate all controls & systems into a unified AI database (US & Brazil)”: owner John Lorenz → John Lorenzo', NULL),
('ejcl86b0', '2026-06-19T16:41:37.463Z', 'owner', 'Consolidate all controls & systems into a unified AI database (US & Brazil)', '“Consolidate all controls & systems into a unified AI database (US & Brazil)”: owner John Lorenzo → John Lorenzo ', NULL),
('ibrw49ko', '2026-06-19T16:41:38.314Z', 'owner', 'Consolidate all controls & systems into a unified AI database (US & Brazil)', '“Consolidate all controls & systems into a unified AI database (US & Brazil)”: owner John Lorenzo  → John Lorenzo &', NULL),
('utk24ddc', '2026-06-19T16:41:38.567Z', 'owner', 'Consolidate all controls & systems into a unified AI database (US & Brazil)', '“Consolidate all controls & systems into a unified AI database (US & Brazil)”: owner John Lorenzo & → John Lorenzo & ', NULL),
('kdyken66', '2026-06-19T16:41:39.776Z', 'owner', 'Consolidate all controls & systems into a unified AI database (US & Brazil)', '“Consolidate all controls & systems into a unified AI database (US & Brazil)”: owner John Lorenzo &  → A', NULL),
('77g4c80q', '2026-06-19T16:41:40.245Z', 'owner', 'Consolidate all controls & systems into a unified AI database (US & Brazil)', '“Consolidate all controls & systems into a unified AI database (US & Brazil)”: owner A → Al', NULL),
('n9s5et8m', '2026-06-19T16:41:40.264Z', 'owner', 'Consolidate all controls & systems into a unified AI database (US & Brazil)', '“Consolidate all controls & systems into a unified AI database (US & Brazil)”: owner Al → Alr', NULL),
('buv8xwc6', '2026-06-19T16:41:40.278Z', 'owner', 'Consolidate all controls & systems into a unified AI database (US & Brazil)', '“Consolidate all controls & systems into a unified AI database (US & Brazil)”: owner Alr → Alre', NULL),
('kfq85q6u', '2026-06-19T16:41:40.795Z', 'owner', 'Consolidate all controls & systems into a unified AI database (US & Brazil)', '“Consolidate all controls & systems into a unified AI database (US & Brazil)”: owner Alre → Alr', NULL),
('8yitmx5x', '2026-06-19T16:41:40.956Z', 'owner', 'Consolidate all controls & systems into a unified AI database (US & Brazil)', '“Consolidate all controls & systems into a unified AI database (US & Brazil)”: owner Alr → Al', NULL),
('iw6bk9wv', '2026-06-19T16:41:41.105Z', 'owner', 'Consolidate all controls & systems into a unified AI database (US & Brazil)', '“Consolidate all controls & systems into a unified AI database (US & Brazil)”: owner Al → Ale', NULL),
('0eg4cyhl', '2026-06-19T16:41:42.634Z', 'owner', 'Consolidate all controls & systems into a unified AI database (US & Brazil)', '“Consolidate all controls & systems into a unified AI database (US & Brazil)”: owner Ale → Alexandre e Lorenzo', NULL),
('zkxeuznb', '2026-06-19T16:41:57.418Z', 'owner', 'Integrate daily legal claims & portfolio movements into the AI ERP', '“Integrate daily legal claims & portfolio movements into the AI ERP”: owner unassigned → Alexandre e Lorenzo', NULL),
('9otif465', '2026-06-19T16:42:32.488Z', 'owner', 'Integrate daily legal claims & portfolio movements into the AI ERP', '“Integrate daily legal claims & portfolio movements into the AI ERP”: owner Alexandre e Lorenzo → Lorenzo', NULL),
('0uuzuxfm', '2026-06-19T16:42:33.957Z', 'owner', 'Integrate daily legal claims & portfolio movements into the AI ERP', '“Integrate daily legal claims & portfolio movements into the AI ERP”: owner Lorenzo → Lorenzo ', NULL),
('g8axypmc', '2026-06-19T16:42:34.233Z', 'owner', 'Integrate daily legal claims & portfolio movements into the AI ERP', '“Integrate daily legal claims & portfolio movements into the AI ERP”: owner Lorenzo  → Lorenzo e', NULL),
('dy6eu8rx', '2026-06-19T16:42:34.253Z', 'owner', 'Integrate daily legal claims & portfolio movements into the AI ERP', '“Integrate daily legal claims & portfolio movements into the AI ERP”: owner Lorenzo e → Lorenzo e ', NULL),
('wgaqpaym', '2026-06-19T16:42:34.426Z', 'owner', 'Integrate daily legal claims & portfolio movements into the AI ERP', '“Integrate daily legal claims & portfolio movements into the AI ERP”: owner Lorenzo e  → Lorenzo e G', NULL),
('i4c5ce7q', '2026-06-19T16:42:34.541Z', 'owner', 'Integrate daily legal claims & portfolio movements into the AI ERP', '“Integrate daily legal claims & portfolio movements into the AI ERP”: owner Lorenzo e G → Lorenzo e Gu', NULL),
('sprmujp5', '2026-06-19T16:42:34.581Z', 'owner', 'Integrate daily legal claims & portfolio movements into the AI ERP', '“Integrate daily legal claims & portfolio movements into the AI ERP”: owner Lorenzo e Gu → Lorenzo e Gui', NULL),
('ab1a5kvg', '2026-06-19T16:42:34.737Z', 'owner', 'Integrate daily legal claims & portfolio movements into the AI ERP', '“Integrate daily legal claims & portfolio movements into the AI ERP”: owner Lorenzo e Gui → Lorenzo e Guil', NULL),
('77qpiyzj', '2026-06-19T16:42:34.894Z', 'owner', 'Integrate daily legal claims & portfolio movements into the AI ERP', '“Integrate daily legal claims & portfolio movements into the AI ERP”: owner Lorenzo e Guil → Lorenzo e Guilh', NULL),
('tlagsoyk', '2026-06-19T16:42:34.965Z', 'owner', 'Integrate daily legal claims & portfolio movements into the AI ERP', '“Integrate daily legal claims & portfolio movements into the AI ERP”: owner Lorenzo e Guilh → Lorenzo e Guilhe', NULL),
('1zazptjt', '2026-06-19T16:42:35.067Z', 'owner', 'Integrate daily legal claims & portfolio movements into the AI ERP', '“Integrate daily legal claims & portfolio movements into the AI ERP”: owner Lorenzo e Guilhe → Lorenzo e Guilher', NULL),
('8yj5fk9k', '2026-06-19T16:42:35.161Z', 'owner', 'Integrate daily legal claims & portfolio movements into the AI ERP', '“Integrate daily legal claims & portfolio movements into the AI ERP”: owner Lorenzo e Guilher → Lorenzo e Guilherm', NULL),
('x5lgguk6', '2026-06-19T16:42:35.246Z', 'owner', 'Integrate daily legal claims & portfolio movements into the AI ERP', '“Integrate daily legal claims & portfolio movements into the AI ERP”: owner Lorenzo e Guilherm → Lorenzo e Guilherme', NULL),
('d1bgnhvf', '2026-06-19T16:46:53.318Z', 'owner', 'Improve communication & visibility on settlements & exits', '“Improve communication & visibility on settlements & exits”: owner unassigned → L', NULL),
('61ot1ps9', '2026-06-19T16:46:53.859Z', 'owner', 'Improve communication & visibility on settlements & exits', '“Improve communication & visibility on settlements & exits”: owner L → Lu', NULL),
('16xxneek', '2026-06-19T16:46:53.928Z', 'owner', 'Improve communication & visibility on settlements & exits', '“Improve communication & visibility on settlements & exits”: owner Lu → Lui', NULL),
('zfqpkafo', '2026-06-19T16:46:54.039Z', 'owner', 'Improve communication & visibility on settlements & exits', '“Improve communication & visibility on settlements & exits”: owner Lui → Luis', NULL),
('ur57fcvq', '2026-06-19T16:46:54.166Z', 'owner', 'Improve communication & visibility on settlements & exits', '“Improve communication & visibility on settlements & exits”: owner Luis → Luisa', NULL),
('evxca7op', '2026-06-19T16:46:54.704Z', 'owner', 'Improve communication & visibility on settlements & exits', '“Improve communication & visibility on settlements & exits”: owner Luisa → Luis', NULL),
('muagjrsp', '2026-06-19T16:46:54.890Z', 'owner', 'Improve communication & visibility on settlements & exits', '“Improve communication & visibility on settlements & exits”: owner Luis → Lui', NULL),
('h6ke4kvo', '2026-06-19T16:46:55.076Z', 'owner', 'Improve communication & visibility on settlements & exits', '“Improve communication & visibility on settlements & exits”: owner Lui → Luiz', NULL),
('p73nd343', '2026-06-19T16:46:55.142Z', 'owner', 'Improve communication & visibility on settlements & exits', '“Improve communication & visibility on settlements & exits”: owner Luiz → Luiza', NULL),
('or3mcyyb', '2026-06-19T16:46:55.533Z', 'owner', 'Improve communication & visibility on settlements & exits', '“Improve communication & visibility on settlements & exits”: owner Luiza → Luiza ', NULL),
('m3s58jtp', '2026-06-19T16:46:55.671Z', 'owner', 'Improve communication & visibility on settlements & exits', '“Improve communication & visibility on settlements & exits”: owner Luiza  → Luiza d', NULL),
('05nv8u2m', '2026-06-19T16:46:55.744Z', 'owner', 'Improve communication & visibility on settlements & exits', '“Improve communication & visibility on settlements & exits”: owner Luiza d → Luiza de', NULL),
('ybskvrst', '2026-06-19T16:46:55.909Z', 'owner', 'Improve communication & visibility on settlements & exits', '“Improve communication & visibility on settlements & exits”: owner Luiza de → Luiza de ', NULL),
('e9ppfdod', '2026-06-19T16:46:56.176Z', 'owner', 'Improve communication & visibility on settlements & exits', '“Improve communication & visibility on settlements & exits”: owner Luiza de  → Luiza de M', NULL),
('wy7cefua', '2026-06-19T16:46:56.768Z', 'owner', 'Improve communication & visibility on settlements & exits', '“Improve communication & visibility on settlements & exits”: owner Luiza de M → Luiza de Mu', NULL),
('erabdhuc', '2026-06-19T16:46:58.128Z', 'owner', 'Improve communication & visibility on settlements & exits', '“Improve communication & visibility on settlements & exits”: owner Luiza de Mu → Luiza de Mun', NULL),
('frs8xle9', '2026-06-19T16:46:58.297Z', 'owner', 'Improve communication & visibility on settlements & exits', '“Improve communication & visibility on settlements & exits”: owner Luiza de Mun → Luiza de Munn', NULL),
('l32uoi9i', '2026-06-19T16:46:58.791Z', 'owner', 'Improve communication & visibility on settlements & exits', '“Improve communication & visibility on settlements & exits”: owner Luiza de Munn → Luiza de Munno', NULL),
('us1kew9y', '2026-06-19T16:47:25.153Z', 'note', 'Improve communication & visibility on settlements & exits', '“Improve communication & visibility on settlements & exits”: added a note', NULL),
('hp5bwcon', '2026-06-19T16:48:27.841Z', 'owner', 'Improve communication & visibility on settlements & exits', '“Improve communication & visibility on settlements & exits”: owner Luiza de Munno → Luiza de Munno ', NULL),
('157ik5q4', '2026-06-19T16:48:28.001Z', 'owner', 'Improve communication & visibility on settlements & exits', '“Improve communication & visibility on settlements & exits”: owner Luiza de Munno  → Luiza de Munno e', NULL),
('th2ijvuy', '2026-06-19T16:48:28.175Z', 'owner', 'Improve communication & visibility on settlements & exits', '“Improve communication & visibility on settlements & exits”: owner Luiza de Munno e → Luiza de Munno e ', NULL),
('tq5jvzy4', '2026-06-19T16:48:28.418Z', 'owner', 'Improve communication & visibility on settlements & exits', '“Improve communication & visibility on settlements & exits”: owner Luiza de Munno e  → Luiza de Munno e M', NULL),
('0k3ul7xj', '2026-06-19T16:48:28.580Z', 'owner', 'Improve communication & visibility on settlements & exits', '“Improve communication & visibility on settlements & exits”: owner Luiza de Munno e M → Luiza de Munno e Ma', NULL),
('tmqaqrq4', '2026-06-19T16:48:28.732Z', 'owner', 'Improve communication & visibility on settlements & exits', '“Improve communication & visibility on settlements & exits”: owner Luiza de Munno e Ma → Luiza de Munno e Mar', NULL),
('uo7qh6f6', '2026-06-19T16:48:28.818Z', 'owner', 'Improve communication & visibility on settlements & exits', '“Improve communication & visibility on settlements & exits”: owner Luiza de Munno e Mar → Luiza de Munno e Mari', NULL),
('st4854ao', '2026-06-19T16:48:28.842Z', 'owner', 'Improve communication & visibility on settlements & exits', '“Improve communication & visibility on settlements & exits”: owner Luiza de Munno e Mari → Luiza de Munno e Mario', NULL),
('6mcs2ip5', '2026-06-19T16:59:19.358Z', 'owner', 'Implement formal governance for invested partners (Lass, VLS, Almina, Ticiano AI tool)', '“Implement formal governance for invested partners (Lass, VLS, Almina, Ticiano AI tool)”: owner unassigned → D', NULL),
('s9wlefeb', '2026-06-19T16:59:19.520Z', 'owner', 'Implement formal governance for invested partners (Lass, VLS, Almina, Ticiano AI tool)', '“Implement formal governance for invested partners (Lass, VLS, Almina, Ticiano AI tool)”: owner D → Da', NULL),
('kj7dre2a', '2026-06-19T16:59:19.548Z', 'owner', 'Implement formal governance for invested partners (Lass, VLS, Almina, Ticiano AI tool)', '“Implement formal governance for invested partners (Lass, VLS, Almina, Ticiano AI tool)”: owner Da → Dan', NULL),
('kbdpckcv', '2026-06-19T16:59:19.571Z', 'owner', 'Implement formal governance for invested partners (Lass, VLS, Almina, Ticiano AI tool)', '“Implement formal governance for invested partners (Lass, VLS, Almina, Ticiano AI tool)”: owner Dan → Dani', NULL),
('bpncvd6w', '2026-06-19T16:59:19.704Z', 'owner', 'Implement formal governance for invested partners (Lass, VLS, Almina, Ticiano AI tool)', '“Implement formal governance for invested partners (Lass, VLS, Almina, Ticiano AI tool)”: owner Dani → Danie', NULL),
('3zd0eau5', '2026-06-19T16:59:19.793Z', 'owner', 'Implement formal governance for invested partners (Lass, VLS, Almina, Ticiano AI tool)', '“Implement formal governance for invested partners (Lass, VLS, Almina, Ticiano AI tool)”: owner Danie → Daniel', NULL),
('knyybq7r', '2026-06-19T16:59:19.939Z', 'owner', 'Implement formal governance for invested partners (Lass, VLS, Almina, Ticiano AI tool)', '“Implement formal governance for invested partners (Lass, VLS, Almina, Ticiano AI tool)”: owner Daniel → Daniel ', NULL),
('r836jd2u', '2026-06-19T16:59:19.998Z', 'owner', 'Implement formal governance for invested partners (Lass, VLS, Almina, Ticiano AI tool)', '“Implement formal governance for invested partners (Lass, VLS, Almina, Ticiano AI tool)”: owner Daniel  → Daniel e', NULL),
('0ngyuamd', '2026-06-19T16:59:20.174Z', 'owner', 'Implement formal governance for invested partners (Lass, VLS, Almina, Ticiano AI tool)', '“Implement formal governance for invested partners (Lass, VLS, Almina, Ticiano AI tool)”: owner Daniel e → Daniel e ', NULL),
('cwf2mg14', '2026-06-19T16:59:20.395Z', 'owner', 'Implement formal governance for invested partners (Lass, VLS, Almina, Ticiano AI tool)', '“Implement formal governance for invested partners (Lass, VLS, Almina, Ticiano AI tool)”: owner Daniel e  → Daniel e A', NULL),
('l7hld6g4', '2026-06-19T16:59:20.507Z', 'owner', 'Implement formal governance for invested partners (Lass, VLS, Almina, Ticiano AI tool)', '“Implement formal governance for invested partners (Lass, VLS, Almina, Ticiano AI tool)”: owner Daniel e A → Daniel e Ar', NULL),
('jw9bey6o', '2026-06-19T16:59:20.599Z', 'owner', 'Implement formal governance for invested partners (Lass, VLS, Almina, Ticiano AI tool)', '“Implement formal governance for invested partners (Lass, VLS, Almina, Ticiano AI tool)”: owner Daniel e Ar → Daniel e Ara', NULL),
('wvyi0jqa', '2026-06-19T16:59:20.674Z', 'owner', 'Implement formal governance for invested partners (Lass, VLS, Almina, Ticiano AI tool)', '“Implement formal governance for invested partners (Lass, VLS, Almina, Ticiano AI tool)”: owner Daniel e Ara → Daniel e Aran', NULL),
('fp3smy6i', '2026-06-19T16:59:20.811Z', 'owner', 'Implement formal governance for invested partners (Lass, VLS, Almina, Ticiano AI tool)', '“Implement formal governance for invested partners (Lass, VLS, Almina, Ticiano AI tool)”: owner Daniel e Aran → Daniel e Aranh', NULL),
('vold45zn', '2026-06-19T16:59:20.857Z', 'owner', 'Implement formal governance for invested partners (Lass, VLS, Almina, Ticiano AI tool)', '“Implement formal governance for invested partners (Lass, VLS, Almina, Ticiano AI tool)”: owner Daniel e Aranh → Daniel e Aranha', NULL),
('395skfu8', '2026-06-19T17:08:38.074Z', 'note', 'Implement formal governance for invested partners (Lass, VLS, Almina, Ticiano AI tool)', '“Implement formal governance for invested partners (Lass, VLS, Almina, Ticiano AI tool)”: added a note', NULL),
('4n7mbrzv', '2026-06-19T17:13:44.441Z', 'owner', 'Standardize the Consignado proposal for partners', '“Standardize the Consignado proposal for partners”: owner unassigned → D', NULL),
('apykm7t4', '2026-06-19T17:13:44.571Z', 'owner', 'Standardize the Consignado proposal for partners', '“Standardize the Consignado proposal for partners”: owner D → Da', NULL),
('ccv4j2h8', '2026-06-19T17:13:44.606Z', 'owner', 'Standardize the Consignado proposal for partners', '“Standardize the Consignado proposal for partners”: owner Da → Dan', NULL),
('aw30d9mf', '2026-06-19T17:13:44.644Z', 'owner', 'Standardize the Consignado proposal for partners', '“Standardize the Consignado proposal for partners”: owner Dan → Dani', NULL),
('cg9697kj', '2026-06-19T17:13:44.744Z', 'owner', 'Standardize the Consignado proposal for partners', '“Standardize the Consignado proposal for partners”: owner Dani → Danie', NULL),
('1murmo9l', '2026-06-19T17:13:44.835Z', 'owner', 'Standardize the Consignado proposal for partners', '“Standardize the Consignado proposal for partners”: owner Danie → Daniel', NULL),
('fnv428e9', '2026-06-19T17:13:44.994Z', 'owner', 'Standardize the Consignado proposal for partners', '“Standardize the Consignado proposal for partners”: owner Daniel → Daniel ', NULL),
('h2iz88zl', '2026-06-19T17:13:45.109Z', 'owner', 'Standardize the Consignado proposal for partners', '“Standardize the Consignado proposal for partners”: owner Daniel  → Daniel V', NULL),
('zmg7s0mm', '2026-06-19T17:13:45.226Z', 'owner', 'Standardize the Consignado proposal for partners', '“Standardize the Consignado proposal for partners”: owner Daniel V → Daniel Vi', NULL),
('z3mxsbjz', '2026-06-19T17:13:45.315Z', 'owner', 'Standardize the Consignado proposal for partners', '“Standardize the Consignado proposal for partners”: owner Daniel Vi → Daniel Vie', NULL),
('10qkiafu', '2026-06-19T17:13:45.401Z', 'owner', 'Standardize the Consignado proposal for partners', '“Standardize the Consignado proposal for partners”: owner Daniel Vie → Daniel Viei', NULL),
('7qh6n2gn', '2026-06-19T17:13:45.477Z', 'owner', 'Standardize the Consignado proposal for partners', '“Standardize the Consignado proposal for partners”: owner Daniel Viei → Daniel Vieir', NULL),
('f508p5ks', '2026-06-19T17:13:45.546Z', 'owner', 'Standardize the Consignado proposal for partners', '“Standardize the Consignado proposal for partners”: owner Daniel Vieir → Daniel Vieira', NULL),
('uwbjbng3', '2026-06-19T17:14:11.693Z', 'owner', 'Formalize the BLC proposal for partners', '“Formalize the BLC proposal for partners”: owner unassigned → M', NULL),
('337h63ky', '2026-06-19T17:14:11.875Z', 'owner', 'Formalize the BLC proposal for partners', '“Formalize the BLC proposal for partners”: owner M → Ma', NULL),
('4xnqvgoh', '2026-06-19T17:14:12.004Z', 'owner', 'Formalize the BLC proposal for partners', '“Formalize the BLC proposal for partners”: owner Ma → Mar', NULL),
('998lyzl6', '2026-06-19T17:14:12.212Z', 'owner', 'Formalize the BLC proposal for partners', '“Formalize the BLC proposal for partners”: owner Mar → Marc', NULL),
('hateie7q', '2026-06-19T17:14:12.333Z', 'owner', 'Formalize the BLC proposal for partners', '“Formalize the BLC proposal for partners”: owner Marc → Marco', NULL),
('ocbfn3g3', '2026-06-19T17:14:12.400Z', 'owner', 'Formalize the BLC proposal for partners', '“Formalize the BLC proposal for partners”: owner Marco → Marcos', NULL),
('hbwf0mff', '2026-06-19T17:14:16.199Z', 'owner', 'Formalize the BLC proposal for partners', '“Formalize the BLC proposal for partners”: owner Marcos → Marcos ', NULL),
('ttu0noxw', '2026-06-19T17:14:16.602Z', 'owner', 'Formalize the BLC proposal for partners', '“Formalize the BLC proposal for partners”: owner Marcos  → Marcos T', NULL),
('vv4do8c9', '2026-06-19T17:14:16.961Z', 'owner', 'Formalize the BLC proposal for partners', '“Formalize the BLC proposal for partners”: owner Marcos T → Marcos Ta', NULL),
('3837onvu', '2026-06-19T17:14:18.526Z', 'owner', 'Formalize the BLC proposal for partners', '“Formalize the BLC proposal for partners”: owner Marcos Ta → Marcos Tage', NULL),
('7zq0zaf8', '2026-06-19T17:14:43.289Z', 'owner', 'Formalize the BLC proposal for partners', '“Formalize the BLC proposal for partners”: owner Marcos Tage → Marcos Tage ', NULL),
('3et4bhho', '2026-06-19T17:14:43.768Z', 'owner', 'Formalize the BLC proposal for partners', '“Formalize the BLC proposal for partners”: owner Marcos Tage  → Marcos Tage e', NULL),
('cva0heru', '2026-06-19T17:14:43.942Z', 'owner', 'Formalize the BLC proposal for partners', '“Formalize the BLC proposal for partners”: owner Marcos Tage e → Marcos Tage e ', NULL),
('mxyn7h5z', '2026-06-19T17:14:44.161Z', 'owner', 'Formalize the BLC proposal for partners', '“Formalize the BLC proposal for partners”: owner Marcos Tage e  → Marcos Tage e L', NULL),
('muejep4h', '2026-06-19T17:14:44.387Z', 'owner', 'Formalize the BLC proposal for partners', '“Formalize the BLC proposal for partners”: owner Marcos Tage e L → Marcos Tage e Lu', NULL),
('koqt5c40', '2026-06-19T17:14:44.420Z', 'owner', 'Formalize the BLC proposal for partners', '“Formalize the BLC proposal for partners”: owner Marcos Tage e Lu → Marcos Tage e Lui', NULL),
('zsoiwi26', '2026-06-19T17:14:44.455Z', 'owner', 'Formalize the BLC proposal for partners', '“Formalize the BLC proposal for partners”: owner Marcos Tage e Lui → Marcos Tage e Luiz', NULL),
('f7vb3uvk', '2026-06-19T17:14:44.533Z', 'owner', 'Formalize the BLC proposal for partners', '“Formalize the BLC proposal for partners”: owner Marcos Tage e Luiz → Marcos Tage e Luiza', NULL),
('vmesl6rz', '2026-06-19T17:14:44.801Z', 'owner', 'Formalize the BLC proposal for partners', '“Formalize the BLC proposal for partners”: owner Marcos Tage e Luiza → Marcos Tage e Luiza ', NULL),
('ue1ph6g1', '2026-06-19T17:14:45.508Z', 'owner', 'Formalize the BLC proposal for partners', '“Formalize the BLC proposal for partners”: owner Marcos Tage e Luiza  → Marcos Tage e Luiza M', NULL),
('anada7rh', '2026-06-19T17:14:46.128Z', 'owner', 'Formalize the BLC proposal for partners', '“Formalize the BLC proposal for partners”: owner Marcos Tage e Luiza M → Marcos Tage e Luiza Mu', NULL),
('7s49eral', '2026-06-19T17:14:46.291Z', 'owner', 'Formalize the BLC proposal for partners', '“Formalize the BLC proposal for partners”: owner Marcos Tage e Luiza Mu → Marcos Tage e Luiza Mun', NULL),
('brg93ol3', '2026-06-19T17:14:46.461Z', 'owner', 'Formalize the BLC proposal for partners', '“Formalize the BLC proposal for partners”: owner Marcos Tage e Luiza Mun → Marcos Tage e Luiza Munn', NULL),
('3pkrgd73', '2026-06-19T17:14:46.656Z', 'owner', 'Formalize the BLC proposal for partners', '“Formalize the BLC proposal for partners”: owner Marcos Tage e Luiza Munn → Marcos Tage e Luiza Munno', NULL),
('vblyh7ro', '2026-06-19T17:15:22.118Z', 'owner', 'Formalize the BLC proposal for partners', '“Formalize the BLC proposal for partners”: owner Marcos Tage e Luiza Munno → L', NULL),
('cca8ghug', '2026-06-19T17:15:22.311Z', 'owner', 'Formalize the BLC proposal for partners', '“Formalize the BLC proposal for partners”: owner L → Lu', NULL),
('5f6hj2fh', '2026-06-19T17:15:22.355Z', 'owner', 'Formalize the BLC proposal for partners', '“Formalize the BLC proposal for partners”: owner Lu → Lui', NULL),
('rka5uopf', '2026-06-19T17:15:22.386Z', 'owner', 'Formalize the BLC proposal for partners', '“Formalize the BLC proposal for partners”: owner Lui → Luiz', NULL),
('82vpkmte', '2026-06-19T17:15:22.474Z', 'owner', 'Formalize the BLC proposal for partners', '“Formalize the BLC proposal for partners”: owner Luiz → Luiza', NULL),
('1fbqwy0i', '2026-06-19T17:15:22.581Z', 'owner', 'Formalize the BLC proposal for partners', '“Formalize the BLC proposal for partners”: owner Luiza → Luiza ', NULL),
('53yw883t', '2026-06-19T17:15:22.789Z', 'owner', 'Formalize the BLC proposal for partners', '“Formalize the BLC proposal for partners”: owner Luiza  → Luiza M', NULL),
('9bn54yq6', '2026-06-19T17:15:22.983Z', 'owner', 'Formalize the BLC proposal for partners', '“Formalize the BLC proposal for partners”: owner Luiza M → Luiza Mu', NULL),
('q8t3by2i', '2026-06-19T17:15:23.454Z', 'owner', 'Formalize the BLC proposal for partners', '“Formalize the BLC proposal for partners”: owner Luiza Mu → Luiza M', NULL),
('gs7r0lig', '2026-06-19T17:15:23.608Z', 'owner', 'Formalize the BLC proposal for partners', '“Formalize the BLC proposal for partners”: owner Luiza M → Luiza ', NULL),
('jy7wazca', '2026-06-19T17:15:23.700Z', 'owner', 'Formalize the BLC proposal for partners', '“Formalize the BLC proposal for partners”: owner Luiza  → Luiza d', NULL),
('up57vhl5', '2026-06-19T17:15:23.738Z', 'owner', 'Formalize the BLC proposal for partners', '“Formalize the BLC proposal for partners”: owner Luiza d → Luiza de', NULL),
('9ebjq09q', '2026-06-19T17:15:24.094Z', 'owner', 'Formalize the BLC proposal for partners', '“Formalize the BLC proposal for partners”: owner Luiza de → Luiza de ', NULL),
('110brrkj', '2026-06-19T17:15:24.441Z', 'owner', 'Formalize the BLC proposal for partners', '“Formalize the BLC proposal for partners”: owner Luiza de  → Luiza de M', NULL),
('ox4cxobz', '2026-06-19T17:15:25.882Z', 'owner', 'Formalize the BLC proposal for partners', '“Formalize the BLC proposal for partners”: owner Luiza de M → Luiza de Mu', NULL),
('cagobks1', '2026-06-19T17:15:26.303Z', 'owner', 'Formalize the BLC proposal for partners', '“Formalize the BLC proposal for partners”: owner Luiza de Mu → Luiza de Mun', NULL),
('fdv9vx6b', '2026-06-19T17:15:26.317Z', 'owner', 'Formalize the BLC proposal for partners', '“Formalize the BLC proposal for partners”: owner Luiza de Mun → Luiza de Munn', NULL),
('1nngzjpe', '2026-06-19T17:15:26.331Z', 'owner', 'Formalize the BLC proposal for partners', '“Formalize the BLC proposal for partners”: owner Luiza de Munn → Luiza de Munno', NULL),
('6xloo0zd', '2026-06-19T17:15:40.483Z', 'owner', 'Standardize the onboarding process for new partners', '“Standardize the onboarding process for new partners”: owner unassigned → D', NULL),
('tmse3rq9', '2026-06-19T17:15:40.641Z', 'owner', 'Standardize the onboarding process for new partners', '“Standardize the onboarding process for new partners”: owner D → Da', NULL),
('bpz89cvw', '2026-06-19T17:15:40.709Z', 'owner', 'Standardize the onboarding process for new partners', '“Standardize the onboarding process for new partners”: owner Da → Dan', NULL),
('6mxypfub', '2026-06-19T17:15:40.742Z', 'owner', 'Standardize the onboarding process for new partners', '“Standardize the onboarding process for new partners”: owner Dan → Dani', NULL),
('hsut4mfz', '2026-06-19T17:15:40.848Z', 'owner', 'Standardize the onboarding process for new partners', '“Standardize the onboarding process for new partners”: owner Dani → Danie', NULL),
('jix58cro', '2026-06-19T17:15:40.947Z', 'owner', 'Standardize the onboarding process for new partners', '“Standardize the onboarding process for new partners”: owner Danie → Daniel', NULL),
('o2swpe5h', '2026-06-19T17:15:41.099Z', 'owner', 'Standardize the onboarding process for new partners', '“Standardize the onboarding process for new partners”: owner Daniel → Daniel ', NULL),
('iy89ijjt', '2026-06-19T17:15:41.215Z', 'owner', 'Standardize the onboarding process for new partners', '“Standardize the onboarding process for new partners”: owner Daniel  → Daniel V', NULL),
('41qpkzl7', '2026-06-19T17:15:41.336Z', 'owner', 'Standardize the onboarding process for new partners', '“Standardize the onboarding process for new partners”: owner Daniel V → Daniel Vi', NULL),
('osc7xvfi', '2026-06-19T17:15:41.419Z', 'owner', 'Standardize the onboarding process for new partners', '“Standardize the onboarding process for new partners”: owner Daniel Vi → Daniel Vie', NULL),
('phdgrwdm', '2026-06-19T17:15:41.519Z', 'owner', 'Standardize the onboarding process for new partners', '“Standardize the onboarding process for new partners”: owner Daniel Vie → Daniel Viei', NULL),
('el1jk5hp', '2026-06-19T17:15:41.577Z', 'owner', 'Standardize the onboarding process for new partners', '“Standardize the onboarding process for new partners”: owner Daniel Viei → Daniel Vieir', NULL),
('wtfxw52z', '2026-06-19T17:15:41.644Z', 'owner', 'Standardize the onboarding process for new partners', '“Standardize the onboarding process for new partners”: owner Daniel Vieir → Daniel Vieira', NULL),
('fq0757pv', '2026-06-19T17:17:05.533Z', 'owner', 'Designate a single point of contact for each partner', '“Designate a single point of contact for each partner”: owner unassigned → M', NULL),
('7g88be31', '2026-06-19T17:17:05.689Z', 'owner', 'Designate a single point of contact for each partner', '“Designate a single point of contact for each partner”: owner M → Ma', NULL),
('7n3n77wr', '2026-06-19T17:17:05.746Z', 'owner', 'Designate a single point of contact for each partner', '“Designate a single point of contact for each partner”: owner Ma → Mar', NULL),
('d6zdk7x5', '2026-06-19T17:17:05.902Z', 'owner', 'Designate a single point of contact for each partner', '“Designate a single point of contact for each partner”: owner Mar → Marc', NULL),
('9rs2dw7e', '2026-06-19T17:17:05.950Z', 'owner', 'Designate a single point of contact for each partner', '“Designate a single point of contact for each partner”: owner Marc → Marco', NULL),
('7s82ndrp', '2026-06-19T17:17:06.073Z', 'owner', 'Designate a single point of contact for each partner', '“Designate a single point of contact for each partner”: owner Marco → Marcos', NULL),
('8hh9srq1', '2026-06-19T17:17:06.175Z', 'owner', 'Designate a single point of contact for each partner', '“Designate a single point of contact for each partner”: owner Marcos → Marcos ', NULL),
('k2ncf4of', '2026-06-19T17:17:06.350Z', 'owner', 'Designate a single point of contact for each partner', '“Designate a single point of contact for each partner”: owner Marcos  → Marcos T', NULL),
('lrls3355', '2026-06-19T17:17:06.367Z', 'owner', 'Designate a single point of contact for each partner', '“Designate a single point of contact for each partner”: owner Marcos T → Marcos TR', NULL),
('fy241bln', '2026-06-19T17:17:07.815Z', 'owner', 'Designate a single point of contact for each partner', '“Designate a single point of contact for each partner”: owner Marcos TR → Marcos T', NULL),
('nsyxwbm1', '2026-06-19T17:17:08.107Z', 'owner', 'Designate a single point of contact for each partner', '“Designate a single point of contact for each partner”: owner Marcos T → Marcos Ta', NULL),
('0gpfs1wt', '2026-06-19T17:17:08.246Z', 'owner', 'Designate a single point of contact for each partner', '“Designate a single point of contact for each partner”: owner Marcos Ta → Marcos Tag', NULL),
('wii1fyg0', '2026-06-19T17:17:08.260Z', 'owner', 'Designate a single point of contact for each partner', '“Designate a single point of contact for each partner”: owner Marcos Tag → Marcos Tage', NULL),
('1tm0rtoe', '2026-06-19T17:20:19.088Z', 'owner', 'Implement a partner risk report (admin, regulatory, development)', '“Implement a partner risk report (admin, regulatory, development)”: owner unassigned → D', NULL),
('g6h4scz6', '2026-06-19T17:20:20.408Z', 'owner', 'Implement a partner risk report (admin, regulatory, development)', '“Implement a partner risk report (admin, regulatory, development)”: owner D → Da', NULL),
('rmpdbbh7', '2026-06-19T17:20:20.687Z', 'owner', 'Implement a partner risk report (admin, regulatory, development)', '“Implement a partner risk report (admin, regulatory, development)”: owner Da → Dan', NULL),
('nk5b6jhr', '2026-06-19T17:20:20.964Z', 'owner', 'Implement a partner risk report (admin, regulatory, development)', '“Implement a partner risk report (admin, regulatory, development)”: owner Dan → Dani', NULL),
('ixlk59pu', '2026-06-19T17:20:20.981Z', 'owner', 'Implement a partner risk report (admin, regulatory, development)', '“Implement a partner risk report (admin, regulatory, development)”: owner Dani → Danie', NULL),
('grboyrl2', '2026-06-19T17:20:21.002Z', 'owner', 'Implement a partner risk report (admin, regulatory, development)', '“Implement a partner risk report (admin, regulatory, development)”: owner Danie → Daniel', NULL),
('io4a50s8', '2026-06-19T17:20:21.047Z', 'owner', 'Implement a partner risk report (admin, regulatory, development)', '“Implement a partner risk report (admin, regulatory, development)”: owner Daniel → Daniel ', NULL),
('i717l02l', '2026-06-19T17:20:21.281Z', 'owner', 'Implement a partner risk report (admin, regulatory, development)', '“Implement a partner risk report (admin, regulatory, development)”: owner Daniel  → Daniel V', NULL),
('k8bv3r1l', '2026-06-19T17:20:21.472Z', 'owner', 'Implement a partner risk report (admin, regulatory, development)', '“Implement a partner risk report (admin, regulatory, development)”: owner Daniel V → Daniel Vi', NULL),
('lo5wvn57', '2026-06-19T17:20:21.558Z', 'owner', 'Implement a partner risk report (admin, regulatory, development)', '“Implement a partner risk report (admin, regulatory, development)”: owner Daniel Vi → Daniel Vie', NULL),
('9p12byif', '2026-06-19T17:20:21.690Z', 'owner', 'Implement a partner risk report (admin, regulatory, development)', '“Implement a partner risk report (admin, regulatory, development)”: owner Daniel Vie → Daniel Viei', NULL),
('pu2bared', '2026-06-19T17:20:21.745Z', 'owner', 'Implement a partner risk report (admin, regulatory, development)', '“Implement a partner risk report (admin, regulatory, development)”: owner Daniel Viei → Daniel Vieir', NULL),
('n3gnl73m', '2026-06-19T17:20:21.805Z', 'owner', 'Implement a partner risk report (admin, regulatory, development)', '“Implement a partner risk report (admin, regulatory, development)”: owner Daniel Vieir → Daniel Vieira', NULL),
('jyfq2i72', '2026-06-19T17:20:52.364Z', 'owner', 'Implement a partner risk report (admin, regulatory, development)', '“Implement a partner risk report (admin, regulatory, development)”: owner Daniel Vieira → Daniel Vieira ', NULL),
('397pz7zf', '2026-06-19T17:20:52.516Z', 'owner', 'Implement a partner risk report (admin, regulatory, development)', '“Implement a partner risk report (admin, regulatory, development)”: owner Daniel Vieira  → Daniel Vieira e', NULL),
('5gctjp0c', '2026-06-19T17:20:52.649Z', 'owner', 'Implement a partner risk report (admin, regulatory, development)', '“Implement a partner risk report (admin, regulatory, development)”: owner Daniel Vieira e → Daniel Vieira e ', NULL),
('ypcf6nd2', '2026-06-19T17:20:52.902Z', 'owner', 'Implement a partner risk report (admin, regulatory, development)', '“Implement a partner risk report (admin, regulatory, development)”: owner Daniel Vieira e  → Daniel Vieira e N', NULL),
('l2ljb5u0', '2026-06-19T17:20:53.170Z', 'owner', 'Implement a partner risk report (admin, regulatory, development)', '“Implement a partner risk report (admin, regulatory, development)”: owner Daniel Vieira e N → Daniel Vieira e Na', NULL),
('fif0479q', '2026-06-19T17:20:53.481Z', 'owner', 'Implement a partner risk report (admin, regulatory, development)', '“Implement a partner risk report (admin, regulatory, development)”: owner Daniel Vieira e Na → Daniel Vieira e Nar', NULL),
('99op9klp', '2026-06-19T17:20:53.708Z', 'owner', 'Implement a partner risk report (admin, regulatory, development)', '“Implement a partner risk report (admin, regulatory, development)”: owner Daniel Vieira e Nar → Daniel Vieira e Narc', NULL),
('6zipvsxt', '2026-06-19T17:20:53.896Z', 'owner', 'Implement a partner risk report (admin, regulatory, development)', '“Implement a partner risk report (admin, regulatory, development)”: owner Daniel Vieira e Narc → Daniel Vieira e Narci', NULL),
('wfwcvs79', '2026-06-19T17:20:54.155Z', 'owner', 'Implement a partner risk report (admin, regulatory, development)', '“Implement a partner risk report (admin, regulatory, development)”: owner Daniel Vieira e Narci → Daniel Vieira e Narc', NULL),
('x8leqqh0', '2026-06-19T17:20:54.330Z', 'owner', 'Implement a partner risk report (admin, regulatory, development)', '“Implement a partner risk report (admin, regulatory, development)”: owner Daniel Vieira e Narc → Daniel Vieira e Nar', NULL),
('pcq4p232', '2026-06-19T17:20:54.481Z', 'owner', 'Implement a partner risk report (admin, regulatory, development)', '“Implement a partner risk report (admin, regulatory, development)”: owner Daniel Vieira e Nar → Daniel Vieira e Na', NULL),
('rjn8igzv', '2026-06-19T17:20:54.624Z', 'owner', 'Implement a partner risk report (admin, regulatory, development)', '“Implement a partner risk report (admin, regulatory, development)”: owner Daniel Vieira e Na → Daniel Vieira e N', NULL),
('kzz4j6o6', '2026-06-19T17:20:54.763Z', 'owner', 'Implement a partner risk report (admin, regulatory, development)', '“Implement a partner risk report (admin, regulatory, development)”: owner Daniel Vieira e N → Daniel Vieira e ', NULL),
('v8ibd3ti', '2026-06-19T17:20:55.013Z', 'owner', 'Implement a partner risk report (admin, regulatory, development)', '“Implement a partner risk report (admin, regulatory, development)”: owner Daniel Vieira e  → Daniel Vieira e M', NULL),
('jguqeq3e', '2026-06-19T17:20:55.334Z', 'owner', 'Implement a partner risk report (admin, regulatory, development)', '“Implement a partner risk report (admin, regulatory, development)”: owner Daniel Vieira e M → Daniel Vieira e Ma', NULL),
('3mdkhi17', '2026-06-19T17:20:55.471Z', 'owner', 'Implement a partner risk report (admin, regulatory, development)', '“Implement a partner risk report (admin, regulatory, development)”: owner Daniel Vieira e Ma → Daniel Vieira e Mar', NULL),
('rgia9ito', '2026-06-19T17:20:55.663Z', 'owner', 'Implement a partner risk report (admin, regulatory, development)', '“Implement a partner risk report (admin, regulatory, development)”: owner Daniel Vieira e Mar → Daniel Vieira e Marc', NULL),
('n6nhqkpp', '2026-06-19T17:20:55.778Z', 'owner', 'Implement a partner risk report (admin, regulatory, development)', '“Implement a partner risk report (admin, regulatory, development)”: owner Daniel Vieira e Marc → Daniel Vieira e Marco', NULL),
('uc20ua8j', '2026-06-19T17:20:55.885Z', 'owner', 'Implement a partner risk report (admin, regulatory, development)', '“Implement a partner risk report (admin, regulatory, development)”: owner Daniel Vieira e Marco → Daniel Vieira e Marcos', NULL),
('6wo09tdu', '2026-06-19T17:20:56.071Z', 'owner', 'Implement a partner risk report (admin, regulatory, development)', '“Implement a partner risk report (admin, regulatory, development)”: owner Daniel Vieira e Marcos → Daniel Vieira e Marcos ', NULL),
('9nez6xin', '2026-06-19T17:20:56.617Z', 'owner', 'Implement a partner risk report (admin, regulatory, development)', '“Implement a partner risk report (admin, regulatory, development)”: owner Daniel Vieira e Marcos  → Daniel Vieira e Marcos R', NULL),
('idq6z98p', '2026-06-19T17:20:56.885Z', 'owner', 'Implement a partner risk report (admin, regulatory, development)', '“Implement a partner risk report (admin, regulatory, development)”: owner Daniel Vieira e Marcos R → Daniel Vieira e Marcos Ra', NULL),
('dpo3znfj', '2026-06-19T17:20:57.085Z', 'owner', 'Implement a partner risk report (admin, regulatory, development)', '“Implement a partner risk report (admin, regulatory, development)”: owner Daniel Vieira e Marcos Ra → Daniel Vieira e Marcos Rag', NULL),
('a0izymtg', '2026-06-19T17:20:57.164Z', 'owner', 'Implement a partner risk report (admin, regulatory, development)', '“Implement a partner risk report (admin, regulatory, development)”: owner Daniel Vieira e Marcos Rag → Daniel Vieira e Marcos Rage', NULL),
('len6tzls', '2026-06-19T17:20:59.073Z', 'owner', 'Implement a partner risk report (admin, regulatory, development)', '“Implement a partner risk report (admin, regulatory, development)”: owner Daniel Vieira e Marcos Rage → Daniel Vieira e Marcos Rag', NULL),
('e4fx5wz7', '2026-06-19T17:20:59.246Z', 'owner', 'Implement a partner risk report (admin, regulatory, development)', '“Implement a partner risk report (admin, regulatory, development)”: owner Daniel Vieira e Marcos Rag → Daniel Vieira e Marcos Ra', NULL),
('5zj0m3gp', '2026-06-19T17:20:59.430Z', 'owner', 'Implement a partner risk report (admin, regulatory, development)', '“Implement a partner risk report (admin, regulatory, development)”: owner Daniel Vieira e Marcos Ra → Daniel Vieira e Marcos R', NULL),
('22qdw8pw', '2026-06-19T17:20:59.849Z', 'owner', 'Implement a partner risk report (admin, regulatory, development)', '“Implement a partner risk report (admin, regulatory, development)”: owner Daniel Vieira e Marcos R → Daniel Vieira e Marcos ', NULL),
('25dxgs9z', '2026-06-19T17:21:00.490Z', 'owner', 'Implement a partner risk report (admin, regulatory, development)', '“Implement a partner risk report (admin, regulatory, development)”: owner Daniel Vieira e Marcos  → Daniel Vieira e Marcos t', NULL),
('uxa470qt', '2026-06-19T17:21:00.542Z', 'owner', 'Implement a partner risk report (admin, regulatory, development)', '“Implement a partner risk report (admin, regulatory, development)”: owner Daniel Vieira e Marcos t → Daniel Vieira e Marcos ta', NULL),
('tolisuzt', '2026-06-19T17:21:00.710Z', 'owner', 'Implement a partner risk report (admin, regulatory, development)', '“Implement a partner risk report (admin, regulatory, development)”: owner Daniel Vieira e Marcos ta → Daniel Vieira e Marcos tag', NULL),
('e4loiubc', '2026-06-19T17:21:00.758Z', 'owner', 'Implement a partner risk report (admin, regulatory, development)', '“Implement a partner risk report (admin, regulatory, development)”: owner Daniel Vieira e Marcos tag → Daniel Vieira e Marcos tage', NULL),
('9rmchmo5', '2026-06-19T17:21:02.636Z', 'owner', 'Implement a partner risk report (admin, regulatory, development)', '“Implement a partner risk report (admin, regulatory, development)”: owner Daniel Vieira e Marcos tage → Daniel Vieira e Marcos tag', NULL),
('wmsj1ewm', '2026-06-19T17:21:02.821Z', 'owner', 'Implement a partner risk report (admin, regulatory, development)', '“Implement a partner risk report (admin, regulatory, development)”: owner Daniel Vieira e Marcos tag → Daniel Vieira e Marcos ta', NULL),
('kvol6h73', '2026-06-19T17:21:03.163Z', 'owner', 'Implement a partner risk report (admin, regulatory, development)', '“Implement a partner risk report (admin, regulatory, development)”: owner Daniel Vieira e Marcos ta → Daniel Vieira e Marcos t', NULL),
('0r6owssb', '2026-06-19T17:21:03.475Z', 'owner', 'Implement a partner risk report (admin, regulatory, development)', '“Implement a partner risk report (admin, regulatory, development)”: owner Daniel Vieira e Marcos t → Daniel Vieira e Marcos ', NULL),
('wkintpv1', '2026-06-19T17:21:04.520Z', 'owner', 'Implement a partner risk report (admin, regulatory, development)', '“Implement a partner risk report (admin, regulatory, development)”: owner Daniel Vieira e Marcos  → Daniel Vieira e Marcos T', NULL),
('8kaxfnej', '2026-06-19T17:21:04.998Z', 'owner', 'Implement a partner risk report (admin, regulatory, development)', '“Implement a partner risk report (admin, regulatory, development)”: owner Daniel Vieira e Marcos T → Daniel Vieira e Marcos Ta', NULL),
('u46yweve', '2026-06-19T17:21:05.417Z', 'owner', 'Implement a partner risk report (admin, regulatory, development)', '“Implement a partner risk report (admin, regulatory, development)”: owner Daniel Vieira e Marcos Ta → Daniel Vieira e Marcos Tag', NULL),
('xyf7jkk8', '2026-06-19T17:21:05.436Z', 'owner', 'Implement a partner risk report (admin, regulatory, development)', '“Implement a partner risk report (admin, regulatory, development)”: owner Daniel Vieira e Marcos Tag → Daniel Vieira e Marcos Tage', NULL),
('3b1blhnu', '2026-06-19T17:30:03.255Z', 'owner', 'Implement a partner risk report (admin, regulatory, development)', '“Implement a partner risk report (admin, regulatory, development)”: owner Daniel Vieira e Marcos Tage → Daniel Vieira e L', NULL),
('pvw5oorh', '2026-06-19T17:30:03.461Z', 'owner', 'Implement a partner risk report (admin, regulatory, development)', '“Implement a partner risk report (admin, regulatory, development)”: owner Daniel Vieira e L → Daniel Vieira e Lu', NULL),
('uog4ufzp', '2026-06-19T17:30:03.501Z', 'owner', 'Implement a partner risk report (admin, regulatory, development)', '“Implement a partner risk report (admin, regulatory, development)”: owner Daniel Vieira e Lu → Daniel Vieira e Lui', NULL),
('qgvw6hud', '2026-06-19T17:30:03.538Z', 'owner', 'Implement a partner risk report (admin, regulatory, development)', '“Implement a partner risk report (admin, regulatory, development)”: owner Daniel Vieira e Lui → Daniel Vieira e Luis', NULL),
('9d2wy09a', '2026-06-19T17:30:03.588Z', 'owner', 'Implement a partner risk report (admin, regulatory, development)', '“Implement a partner risk report (admin, regulatory, development)”: owner Daniel Vieira e Luis → Daniel Vieira e Luisa', NULL),
('77sgwj6q', '2026-06-19T17:30:03.714Z', 'owner', 'Implement a partner risk report (admin, regulatory, development)', '“Implement a partner risk report (admin, regulatory, development)”: owner Daniel Vieira e Luisa → Daniel Vieira e Luisa ', NULL),
('9822pq5v', '2026-06-19T17:30:03.956Z', 'owner', 'Implement a partner risk report (admin, regulatory, development)', '“Implement a partner risk report (admin, regulatory, development)”: owner Daniel Vieira e Luisa  → Daniel Vieira e Luisa R', NULL),
('1yo1p3fu', '2026-06-19T17:30:04.141Z', 'owner', 'Implement a partner risk report (admin, regulatory, development)', '“Implement a partner risk report (admin, regulatory, development)”: owner Daniel Vieira e Luisa R → Daniel Vieira e Luisa Re', NULL),
('hxrtwkjz', '2026-06-19T17:30:04.308Z', 'owner', 'Implement a partner risk report (admin, regulatory, development)', '“Implement a partner risk report (admin, regulatory, development)”: owner Daniel Vieira e Luisa Re → Daniel Vieira e Luisa Rei', NULL),
('xwbmhack', '2026-06-19T17:30:04.386Z', 'owner', 'Implement a partner risk report (admin, regulatory, development)', '“Implement a partner risk report (admin, regulatory, development)”: owner Daniel Vieira e Luisa Rei → Daniel Vieira e Luisa Reis', NULL),
('yv8ppqad', '2026-06-19T17:30:11.620Z', 'owner', 'Explore creation of a Consignado company modeled on Lass', '“Explore creation of a Consignado company modeled on Lass”: owner unassigned → D', NULL),
('9nf8afrk', '2026-06-19T17:30:11.784Z', 'owner', 'Explore creation of a Consignado company modeled on Lass', '“Explore creation of a Consignado company modeled on Lass”: owner D → Da', NULL),
('a218bggf', '2026-06-19T17:30:11.856Z', 'owner', 'Explore creation of a Consignado company modeled on Lass', '“Explore creation of a Consignado company modeled on Lass”: owner Da → Dan', NULL),
('qj865h6q', '2026-06-19T17:30:11.895Z', 'owner', 'Explore creation of a Consignado company modeled on Lass', '“Explore creation of a Consignado company modeled on Lass”: owner Dan → Dani', NULL),
('ljggmwbj', '2026-06-19T17:30:11.981Z', 'owner', 'Explore creation of a Consignado company modeled on Lass', '“Explore creation of a Consignado company modeled on Lass”: owner Dani → Danie', NULL),
('v2t672ho', '2026-06-19T17:30:12.075Z', 'owner', 'Explore creation of a Consignado company modeled on Lass', '“Explore creation of a Consignado company modeled on Lass”: owner Danie → Daniel', NULL),
('q8rpcyho', '2026-06-19T17:30:12.256Z', 'owner', 'Explore creation of a Consignado company modeled on Lass', '“Explore creation of a Consignado company modeled on Lass”: owner Daniel → Daniel ', NULL),
('41mviz91', '2026-06-19T17:30:12.420Z', 'owner', 'Explore creation of a Consignado company modeled on Lass', '“Explore creation of a Consignado company modeled on Lass”: owner Daniel  → Daniel e', NULL),
('ta8xbyn4', '2026-06-19T17:30:12.542Z', 'owner', 'Explore creation of a Consignado company modeled on Lass', '“Explore creation of a Consignado company modeled on Lass”: owner Daniel e → Daniel e ', NULL),
('k0q3he2h', '2026-06-19T17:30:12.755Z', 'owner', 'Explore creation of a Consignado company modeled on Lass', '“Explore creation of a Consignado company modeled on Lass”: owner Daniel e  → Daniel e P', NULL),
('mxhx4iv8', '2026-06-19T17:30:13.026Z', 'owner', 'Explore creation of a Consignado company modeled on Lass', '“Explore creation of a Consignado company modeled on Lass”: owner Daniel e P → Daniel e ', NULL),
('78c3kccy', '2026-06-19T17:30:13.198Z', 'owner', 'Explore creation of a Consignado company modeled on Lass', '“Explore creation of a Consignado company modeled on Lass”: owner Daniel e  → Daniel e', NULL),
('6225h6vw', '2026-06-19T17:30:13.360Z', 'owner', 'Explore creation of a Consignado company modeled on Lass', '“Explore creation of a Consignado company modeled on Lass”: owner Daniel e → Daniel ', NULL),
('5w54nqyl', '2026-06-19T17:30:13.751Z', 'owner', 'Explore creation of a Consignado company modeled on Lass', '“Explore creation of a Consignado company modeled on Lass”: owner Daniel  → Daniel e', NULL),
('sc1u9tmo', '2026-06-19T17:30:13.918Z', 'owner', 'Explore creation of a Consignado company modeled on Lass', '“Explore creation of a Consignado company modeled on Lass”: owner Daniel e → Daniel e ', NULL),
('5bos3fi8', '2026-06-19T17:30:14.120Z', 'owner', 'Explore creation of a Consignado company modeled on Lass', '“Explore creation of a Consignado company modeled on Lass”: owner Daniel e  → Daniel e P', NULL),
('z2l4dsfa', '2026-06-19T17:30:14.188Z', 'owner', 'Explore creation of a Consignado company modeled on Lass', '“Explore creation of a Consignado company modeled on Lass”: owner Daniel e P → Daniel e Pr', NULL),
('5pqk3bvz', '2026-06-19T17:30:14.437Z', 'owner', 'Explore creation of a Consignado company modeled on Lass', '“Explore creation of a Consignado company modeled on Lass”: owner Daniel e Pr → Daniel e Prd', NULL),
('jvscry10', '2026-06-19T17:30:14.611Z', 'owner', 'Explore creation of a Consignado company modeled on Lass', '“Explore creation of a Consignado company modeled on Lass”: owner Daniel e Prd → Daniel e Prdr', NULL),
('klpojgtd', '2026-06-19T17:30:14.686Z', 'owner', 'Explore creation of a Consignado company modeled on Lass', '“Explore creation of a Consignado company modeled on Lass”: owner Daniel e Prdr → Daniel e Prdro', NULL),
('4o150pjy', '2026-06-19T17:30:14.953Z', 'owner', 'Explore creation of a Consignado company modeled on Lass', '“Explore creation of a Consignado company modeled on Lass”: owner Daniel e Prdro → Daniel e Prdr', NULL),
('xct9fw74', '2026-06-19T17:30:15.107Z', 'owner', 'Explore creation of a Consignado company modeled on Lass', '“Explore creation of a Consignado company modeled on Lass”: owner Daniel e Prdr → Daniel e Prd', NULL),
('sl3d1yjq', '2026-06-19T17:30:15.262Z', 'owner', 'Explore creation of a Consignado company modeled on Lass', '“Explore creation of a Consignado company modeled on Lass”: owner Daniel e Prd → Daniel e Pr', NULL),
('yup7to0u', '2026-06-19T17:30:15.413Z', 'owner', 'Explore creation of a Consignado company modeled on Lass', '“Explore creation of a Consignado company modeled on Lass”: owner Daniel e Pr → Daniel e P', NULL),
('fa6gk9d6', '2026-06-19T17:30:16.101Z', 'owner', 'Explore creation of a Consignado company modeled on Lass', '“Explore creation of a Consignado company modeled on Lass”: owner Daniel e P → Daniel e Pe', NULL),
('v60z65jn', '2026-06-19T17:30:16.274Z', 'owner', 'Explore creation of a Consignado company modeled on Lass', '“Explore creation of a Consignado company modeled on Lass”: owner Daniel e Pe → Daniel e Ped', NULL),
('u6udxzca', '2026-06-19T17:30:17.145Z', 'owner', 'Explore creation of a Consignado company modeled on Lass', '“Explore creation of a Consignado company modeled on Lass”: owner Daniel e Ped → Daniel e Pedr', NULL),
('0ss2on09', '2026-06-19T17:30:17.164Z', 'owner', 'Explore creation of a Consignado company modeled on Lass', '“Explore creation of a Consignado company modeled on Lass”: owner Daniel e Pedr → Daniel e Pedro', NULL),
('ms6rep1d', '2026-06-19T17:30:43.202Z', 'owner', 'Develop a go/no-go checklist for new deals (pre-IC)', '“Develop a go/no-go checklist for new deals (pre-IC)”: owner unassigned → L', NULL),
('rfdwt6f8', '2026-06-19T17:30:43.377Z', 'owner', 'Develop a go/no-go checklist for new deals (pre-IC)', '“Develop a go/no-go checklist for new deals (pre-IC)”: owner L → Lo', NULL),
('4dqqde3q', '2026-06-19T17:30:43.524Z', 'owner', 'Develop a go/no-go checklist for new deals (pre-IC)', '“Develop a go/no-go checklist for new deals (pre-IC)”: owner Lo → Lor', NULL),
('upf3ivjb', '2026-06-19T17:30:43.561Z', 'owner', 'Develop a go/no-go checklist for new deals (pre-IC)', '“Develop a go/no-go checklist for new deals (pre-IC)”: owner Lor → Lore', NULL),
('813oor1b', '2026-06-19T17:30:43.705Z', 'owner', 'Develop a go/no-go checklist for new deals (pre-IC)', '“Develop a go/no-go checklist for new deals (pre-IC)”: owner Lore → Loren', NULL),
('d49mj02z', '2026-06-19T17:30:43.822Z', 'owner', 'Develop a go/no-go checklist for new deals (pre-IC)', '“Develop a go/no-go checklist for new deals (pre-IC)”: owner Loren → Lorenz', NULL),
('e1m84i5z', '2026-06-19T17:30:43.952Z', 'owner', 'Develop a go/no-go checklist for new deals (pre-IC)', '“Develop a go/no-go checklist for new deals (pre-IC)”: owner Lorenz → Lorenzo', NULL),
('tw0m17o9', '2026-06-19T17:30:55.370Z', 'owner', 'Establish a pipeline meeting without CC', '“Establish a pipeline meeting without CC”: owner unassigned → M', NULL),
('a3h9hdjs', '2026-06-19T17:30:55.588Z', 'owner', 'Establish a pipeline meeting without CC', '“Establish a pipeline meeting without CC”: owner M → Ma', NULL),
('f1c0p9sc', '2026-06-19T17:30:55.740Z', 'owner', 'Establish a pipeline meeting without CC', '“Establish a pipeline meeting without CC”: owner Ma → Mar', NULL),
('b45r5iew', '2026-06-19T17:30:55.946Z', 'owner', 'Establish a pipeline meeting without CC', '“Establish a pipeline meeting without CC”: owner Mar → Marc', NULL),
('nbf25ip8', '2026-06-19T17:30:56.058Z', 'owner', 'Establish a pipeline meeting without CC', '“Establish a pipeline meeting without CC”: owner Marc → Marco', NULL),
('vjsvq77t', '2026-06-19T17:30:56.124Z', 'owner', 'Establish a pipeline meeting without CC', '“Establish a pipeline meeting without CC”: owner Marco → Marcos', NULL),
('jtw7yf6b', '2026-06-19T17:30:56.352Z', 'owner', 'Establish a pipeline meeting without CC', '“Establish a pipeline meeting without CC”: owner Marcos → Marcos ', NULL),
('lnenvjge', '2026-06-19T17:30:57.230Z', 'owner', 'Establish a pipeline meeting without CC', '“Establish a pipeline meeting without CC”: owner Marcos  → Marcos T', NULL),
('q1zal62x', '2026-06-19T17:30:58.116Z', 'owner', 'Establish a pipeline meeting without CC', '“Establish a pipeline meeting without CC”: owner Marcos T → Marcos Ta', NULL),
('ojligtop', '2026-06-19T17:30:58.132Z', 'owner', 'Establish a pipeline meeting without CC', '“Establish a pipeline meeting without CC”: owner Marcos Ta → Marcos Tag', NULL),
('xrtgec39', '2026-06-19T17:30:58.152Z', 'owner', 'Establish a pipeline meeting without CC', '“Establish a pipeline meeting without CC”: owner Marcos Tag → Marcos Tage', NULL),
('jw6o4l2q', '2026-06-19T17:31:15.869Z', 'owner', 'Merge the global BLC IC with the Consignado IC', '“Merge the global BLC IC with the Consignado IC”: owner unassigned → C', NULL),
('035hj2au', '2026-06-19T17:31:16.396Z', 'owner', 'Merge the global BLC IC with the Consignado IC', '“Merge the global BLC IC with the Consignado IC”: owner C → Ce', NULL),
('0yx8j6mb', '2026-06-19T17:31:16.641Z', 'owner', 'Merge the global BLC IC with the Consignado IC', '“Merge the global BLC IC with the Consignado IC”: owner Ce → Ces', NULL),
('1slk7wd9', '2026-06-19T17:31:16.777Z', 'owner', 'Merge the global BLC IC with the Consignado IC', '“Merge the global BLC IC with the Consignado IC”: owner Ces → Cesa', NULL),
('u36mk3k0', '2026-06-19T17:31:16.896Z', 'owner', 'Merge the global BLC IC with the Consignado IC', '“Merge the global BLC IC with the Consignado IC”: owner Cesa → Cesar', NULL),
('wd4zxj7s', '2026-06-19T17:31:17.116Z', 'owner', 'Merge the global BLC IC with the Consignado IC', '“Merge the global BLC IC with the Consignado IC”: owner Cesar → Cesar ', NULL),
('r0cfgtbo', '2026-06-19T17:31:17.584Z', 'owner', 'Merge the global BLC IC with the Consignado IC', '“Merge the global BLC IC with the Consignado IC”: owner Cesar  → Cesar C', NULL),
('c0pbebrv', '2026-06-19T17:31:17.826Z', 'owner', 'Merge the global BLC IC with the Consignado IC', '“Merge the global BLC IC with the Consignado IC”: owner Cesar C → Cesar Co', NULL),
('3afq0uzq', '2026-06-19T17:31:18.054Z', 'owner', 'Merge the global BLC IC with the Consignado IC', '“Merge the global BLC IC with the Consignado IC”: owner Cesar Co → Cesar Col', NULL),
('oenacw98', '2026-06-19T17:31:18.201Z', 'owner', 'Merge the global BLC IC with the Consignado IC', '“Merge the global BLC IC with the Consignado IC”: owner Cesar Col → Cesar Coll', NULL),
('ej9dmm46', '2026-06-19T17:31:18.394Z', 'owner', 'Merge the global BLC IC with the Consignado IC', '“Merge the global BLC IC with the Consignado IC”: owner Cesar Coll → Cesar Colli', NULL),
('t9he4k92', '2026-06-19T17:31:18.405Z', 'owner', 'Merge the global BLC IC with the Consignado IC', '“Merge the global BLC IC with the Consignado IC”: owner Cesar Colli → Cesar Colliu', NULL),
('pnix5q08', '2026-06-19T17:31:18.447Z', 'owner', 'Merge the global BLC IC with the Consignado IC', '“Merge the global BLC IC with the Consignado IC”: owner Cesar Colliu → Cesar Colliue', NULL),
('kkzqeotp', '2026-06-19T17:31:18.516Z', 'owner', 'Merge the global BLC IC with the Consignado IC', '“Merge the global BLC IC with the Consignado IC”: owner Cesar Colliue → Cesar Colliuer', NULL),
('aubx1l0o', '2026-06-19T17:31:18.954Z', 'owner', 'Merge the global BLC IC with the Consignado IC', '“Merge the global BLC IC with the Consignado IC”: owner Cesar Colliuer → Cesar Colliue', NULL),
('c215wpe9', '2026-06-19T17:31:19.143Z', 'owner', 'Merge the global BLC IC with the Consignado IC', '“Merge the global BLC IC with the Consignado IC”: owner Cesar Colliue → Cesar Colliu', NULL),
('yb9ycwpt', '2026-06-19T17:31:19.292Z', 'owner', 'Merge the global BLC IC with the Consignado IC', '“Merge the global BLC IC with the Consignado IC”: owner Cesar Colliu → Cesar Colli', NULL),
('jzf9sgeg', '2026-06-19T17:31:19.392Z', 'owner', 'Merge the global BLC IC with the Consignado IC', '“Merge the global BLC IC with the Consignado IC”: owner Cesar Colli → Cesar Collie', NULL),
('b076f8c1', '2026-06-19T17:31:19.472Z', 'owner', 'Merge the global BLC IC with the Consignado IC', '“Merge the global BLC IC with the Consignado IC”: owner Cesar Collie → Cesar Collier', NULL),
('jgkjziyt', '2026-06-19T17:31:40.951Z', 'owner', 'Receive regular reports on legal status of cases & theses', '“Receive regular reports on legal status of cases & theses”: owner unassigned → N', NULL),
('t0l1kdpo', '2026-06-19T17:31:41.081Z', 'owner', 'Receive regular reports on legal status of cases & theses', '“Receive regular reports on legal status of cases & theses”: owner N → Na', NULL),
('fecwcahj', '2026-06-19T17:31:41.479Z', 'owner', 'Receive regular reports on legal status of cases & theses', '“Receive regular reports on legal status of cases & theses”: owner Na → N', NULL),
('sh6ap4rk', '2026-06-19T17:31:41.645Z', 'owner', 'Receive regular reports on legal status of cases & theses', '“Receive regular reports on legal status of cases & theses”: owner N → unassigned', NULL),
('wzr3k8fj', '2026-06-19T17:31:41.888Z', 'owner', 'Receive regular reports on legal status of cases & theses', '“Receive regular reports on legal status of cases & theses”: owner unassigned → M', NULL),
('8grliizg', '2026-06-19T17:31:42.437Z', 'owner', 'Receive regular reports on legal status of cases & theses', '“Receive regular reports on legal status of cases & theses”: owner M → Ma', NULL),
('0mxfh5xa', '2026-06-19T17:31:42.689Z', 'owner', 'Receive regular reports on legal status of cases & theses', '“Receive regular reports on legal status of cases & theses”: owner Ma → Man', NULL),
('kju3w7ao', '2026-06-19T17:31:42.832Z', 'owner', 'Receive regular reports on legal status of cases & theses', '“Receive regular reports on legal status of cases & theses”: owner Man → Mano', NULL),
('7fk5sljt', '2026-06-19T17:31:42.989Z', 'owner', 'Receive regular reports on legal status of cases & theses', '“Receive regular reports on legal status of cases & theses”: owner Mano → Manoe', NULL),
('kmn0xam8', '2026-06-19T17:31:43.126Z', 'owner', 'Receive regular reports on legal status of cases & theses', '“Receive regular reports on legal status of cases & theses”: owner Manoe → Manoel', NULL),
('rtygia79', '2026-06-19T17:31:43.843Z', 'owner', 'Receive regular reports on legal status of cases & theses', '“Receive regular reports on legal status of cases & theses”: owner Manoel → Manoel ', NULL),
('i6ohslnv', '2026-06-19T17:31:47.668Z', 'owner', 'Receive regular reports on legal status of cases & theses', '“Receive regular reports on legal status of cases & theses”: owner Manoel  → Manoel T', NULL),
('39v6b083', '2026-06-19T17:31:47.832Z', 'owner', 'Receive regular reports on legal status of cases & theses', '“Receive regular reports on legal status of cases & theses”: owner Manoel T → Manoel Ta', NULL),
('vb7unhi0', '2026-06-19T17:31:48.031Z', 'owner', 'Receive regular reports on legal status of cases & theses', '“Receive regular reports on legal status of cases & theses”: owner Manoel Ta → Manoel Tav', NULL),
('945eyyf9', '2026-06-19T17:31:48.091Z', 'owner', 'Receive regular reports on legal status of cases & theses', '“Receive regular reports on legal status of cases & theses”: owner Manoel Tav → Manoel Tava', NULL),
('be483ap6', '2026-06-19T17:31:48.336Z', 'owner', 'Receive regular reports on legal status of cases & theses', '“Receive regular reports on legal status of cases & theses”: owner Manoel Tava → Manoel Tavar', NULL),
('hbdzmcsc', '2026-06-19T17:31:48.401Z', 'owner', 'Receive regular reports on legal status of cases & theses', '“Receive regular reports on legal status of cases & theses”: owner Manoel Tavar → Manoel Tavare', NULL),
('klb1x51k', '2026-06-19T17:31:48.576Z', 'owner', 'Receive regular reports on legal status of cases & theses', '“Receive regular reports on legal status of cases & theses”: owner Manoel Tavare → Manoel Tavares', NULL),
('7eegdoxj', '2026-06-19T17:31:57.849Z', 'owner', 'Sharpen focus & communication in local IC meetings', '“Sharpen focus & communication in local IC meetings”: owner unassigned → M', NULL),
('8vnbk48i', '2026-06-19T17:31:58.348Z', 'owner', 'Sharpen focus & communication in local IC meetings', '“Sharpen focus & communication in local IC meetings”: owner M → Ma', NULL),
('r4hfb8kc', '2026-06-19T17:31:59.385Z', 'owner', 'Sharpen focus & communication in local IC meetings', '“Sharpen focus & communication in local IC meetings”: owner Ma → Man', NULL),
('s3c6jlc5', '2026-06-19T17:32:00.398Z', 'owner', 'Sharpen focus & communication in local IC meetings', '“Sharpen focus & communication in local IC meetings”: owner Man → Mano', NULL),
('j0nuagbh', '2026-06-19T17:32:00.517Z', 'owner', 'Sharpen focus & communication in local IC meetings', '“Sharpen focus & communication in local IC meetings”: owner Mano → Manoe', NULL),
('f9vku58s', '2026-06-19T17:32:00.618Z', 'owner', 'Sharpen focus & communication in local IC meetings', '“Sharpen focus & communication in local IC meetings”: owner Manoe → Manoel', NULL),
('4r68qpr2', '2026-06-19T17:32:00.916Z', 'owner', 'Sharpen focus & communication in local IC meetings', '“Sharpen focus & communication in local IC meetings”: owner Manoel → Manoel ', NULL),
('qqnyy5x8', '2026-06-19T17:32:01.481Z', 'owner', 'Sharpen focus & communication in local IC meetings', '“Sharpen focus & communication in local IC meetings”: owner Manoel  → Manoel T', NULL),
('pvpze8wz', '2026-06-19T17:32:01.623Z', 'owner', 'Sharpen focus & communication in local IC meetings', '“Sharpen focus & communication in local IC meetings”: owner Manoel T → Manoel Ta', NULL),
('dznrcdw9', '2026-06-19T17:32:01.646Z', 'owner', 'Sharpen focus & communication in local IC meetings', '“Sharpen focus & communication in local IC meetings”: owner Manoel Ta → Manoel Tav', NULL),
('q983p6qy', '2026-06-19T17:32:01.663Z', 'owner', 'Sharpen focus & communication in local IC meetings', '“Sharpen focus & communication in local IC meetings”: owner Manoel Tav → Manoel Tava', NULL),
('oepgyq8v', '2026-06-19T17:32:01.939Z', 'owner', 'Sharpen focus & communication in local IC meetings', '“Sharpen focus & communication in local IC meetings”: owner Manoel Tava → Manoel Tavar', NULL),
('yl5cgtcz', '2026-06-19T17:32:02.000Z', 'owner', 'Sharpen focus & communication in local IC meetings', '“Sharpen focus & communication in local IC meetings”: owner Manoel Tavar → Manoel Tavare', NULL),
('reuh7f19', '2026-06-19T17:32:02.171Z', 'owner', 'Sharpen focus & communication in local IC meetings', '“Sharpen focus & communication in local IC meetings”: owner Manoel Tavare → Manoel Tavares', NULL),
('3q8i5mr2', '2026-06-19T17:32:04.083Z', 'owner', 'Sharpen focus & communication in local IC meetings', '“Sharpen focus & communication in local IC meetings”: owner Manoel Tavares → unassigned', NULL),
('of47wvpl', '2026-06-19T17:32:16.729Z', 'owner', 'Sharpen focus & communication in local IC meetings', '“Sharpen focus & communication in local IC meetings”: owner unassigned → C', NULL),
('0yepmo7j', '2026-06-19T17:32:16.858Z', 'owner', 'Sharpen focus & communication in local IC meetings', '“Sharpen focus & communication in local IC meetings”: owner C → Ce', NULL),
('ejvccc3q', '2026-06-19T17:32:17.072Z', 'owner', 'Sharpen focus & communication in local IC meetings', '“Sharpen focus & communication in local IC meetings”: owner Ce → Ces', NULL),
('h7qdbls7', '2026-06-19T17:32:17.126Z', 'owner', 'Sharpen focus & communication in local IC meetings', '“Sharpen focus & communication in local IC meetings”: owner Ces → Cesa', NULL),
('ej1lwy2a', '2026-06-19T17:32:17.280Z', 'owner', 'Sharpen focus & communication in local IC meetings', '“Sharpen focus & communication in local IC meetings”: owner Cesa → Cesar', NULL),
('0fcm2jpu', '2026-06-19T17:32:28.209Z', 'owner', 'Sharpen focus & communication in local IC meetings', '“Sharpen focus & communication in local IC meetings”: owner Cesar → Cesar ', NULL),
('m14c4das', '2026-06-19T17:32:29.482Z', 'owner', 'Sharpen focus & communication in local IC meetings', '“Sharpen focus & communication in local IC meetings”: owner Cesar  → Cesar C', NULL),
('08x74e1p', '2026-06-19T17:32:33.579Z', 'owner', 'Sharpen focus & communication in local IC meetings', '“Sharpen focus & communication in local IC meetings”: owner Cesar C → Cesar Co', NULL),
('428l0z3i', '2026-06-19T17:32:33.600Z', 'owner', 'Sharpen focus & communication in local IC meetings', '“Sharpen focus & communication in local IC meetings”: owner Cesar Co → Cesar Col', NULL),
('63md1eaw', '2026-06-19T17:32:33.619Z', 'owner', 'Sharpen focus & communication in local IC meetings', '“Sharpen focus & communication in local IC meetings”: owner Cesar Col → Cesar Coll', NULL),
('e4qemenb', '2026-06-19T17:32:33.636Z', 'owner', 'Sharpen focus & communication in local IC meetings', '“Sharpen focus & communication in local IC meetings”: owner Cesar Coll → Cesar Colli', NULL),
('623b7a1s', '2026-06-19T17:32:33.654Z', 'owner', 'Sharpen focus & communication in local IC meetings', '“Sharpen focus & communication in local IC meetings”: owner Cesar Colli → Cesar Colliu', NULL),
('b48u564i', '2026-06-19T17:32:33.671Z', 'owner', 'Sharpen focus & communication in local IC meetings', '“Sharpen focus & communication in local IC meetings”: owner Cesar Colliu → Cesar Colliue', NULL),
('kivjbpe5', '2026-06-19T17:32:33.689Z', 'owner', 'Sharpen focus & communication in local IC meetings', '“Sharpen focus & communication in local IC meetings”: owner Cesar Colliue → Cesar Colliuer', NULL),
('dka4rb2d', '2026-06-19T17:32:38.469Z', 'owner', 'Sharpen focus & communication in local IC meetings', '“Sharpen focus & communication in local IC meetings”: owner Cesar Colliuer → Cesar Colliue', NULL),
('ktnffi41', '2026-06-19T17:32:38.484Z', 'owner', 'Sharpen focus & communication in local IC meetings', '“Sharpen focus & communication in local IC meetings”: owner Cesar Colliue → Cesar Colliu', NULL),
('zbaw3sys', '2026-06-19T17:32:38.502Z', 'owner', 'Sharpen focus & communication in local IC meetings', '“Sharpen focus & communication in local IC meetings”: owner Cesar Colliu → Cesar Colli', NULL),
('6qxny6xb', '2026-06-19T17:32:38.520Z', 'owner', 'Sharpen focus & communication in local IC meetings', '“Sharpen focus & communication in local IC meetings”: owner Cesar Colli → Cesar Coll', NULL),
('mznb8fxr', '2026-06-19T17:32:42.086Z', 'owner', 'Sharpen focus & communication in local IC meetings', '“Sharpen focus & communication in local IC meetings”: owner Cesar Coll → Cesar Colli', NULL),
('3b0p8mpj', '2026-06-19T17:32:42.110Z', 'owner', 'Sharpen focus & communication in local IC meetings', '“Sharpen focus & communication in local IC meetings”: owner Cesar Colli → Cesar Collie', NULL),
('253j1bne', '2026-06-19T17:32:42.129Z', 'owner', 'Sharpen focus & communication in local IC meetings', '“Sharpen focus & communication in local IC meetings”: owner Cesar Collie → Cesar Collier', NULL),
('bfc9g82o', '2026-06-19T17:33:19.228Z', 'owner', 'Implement red/yellow/green flag reporting across risk layers (AI-monitored)', '“Implement red/yellow/green flag reporting across risk layers (AI-monitored)”: owner unassigned → D', NULL),
('lcd20q49', '2026-06-19T17:33:19.399Z', 'owner', 'Implement red/yellow/green flag reporting across risk layers (AI-monitored)', '“Implement red/yellow/green flag reporting across risk layers (AI-monitored)”: owner D → Da', NULL),
('cnhtuf9u', '2026-06-19T17:33:19.447Z', 'owner', 'Implement red/yellow/green flag reporting across risk layers (AI-monitored)', '“Implement red/yellow/green flag reporting across risk layers (AI-monitored)”: owner Da → Dan', NULL),
('7bj5q5ue', '2026-06-19T17:33:19.499Z', 'owner', 'Implement red/yellow/green flag reporting across risk layers (AI-monitored)', '“Implement red/yellow/green flag reporting across risk layers (AI-monitored)”: owner Dan → Dani', NULL),
('j7ua67qf', '2026-06-19T17:33:19.594Z', 'owner', 'Implement red/yellow/green flag reporting across risk layers (AI-monitored)', '“Implement red/yellow/green flag reporting across risk layers (AI-monitored)”: owner Dani → Danie', NULL),
('j0waowvu', '2026-06-19T17:33:19.713Z', 'owner', 'Implement red/yellow/green flag reporting across risk layers (AI-monitored)', '“Implement red/yellow/green flag reporting across risk layers (AI-monitored)”: owner Danie → Daniel', NULL),
('7w7y0r9n', '2026-06-19T17:33:19.860Z', 'owner', 'Implement red/yellow/green flag reporting across risk layers (AI-monitored)', '“Implement red/yellow/green flag reporting across risk layers (AI-monitored)”: owner Daniel → Daniel ', NULL),
('ucnaxoel', '2026-06-19T17:33:20.034Z', 'owner', 'Implement red/yellow/green flag reporting across risk layers (AI-monitored)', '“Implement red/yellow/green flag reporting across risk layers (AI-monitored)”: owner Daniel  → Daniel e', NULL),
('y7v5b8eb', '2026-06-19T17:33:20.261Z', 'owner', 'Implement red/yellow/green flag reporting across risk layers (AI-monitored)', '“Implement red/yellow/green flag reporting across risk layers (AI-monitored)”: owner Daniel e → Daniel e ', NULL),
('j907v9yf', '2026-06-19T17:33:20.743Z', 'owner', 'Implement red/yellow/green flag reporting across risk layers (AI-monitored)', '“Implement red/yellow/green flag reporting across risk layers (AI-monitored)”: owner Daniel e  → Daniel e L', NULL),
('3963ypuh', '2026-06-19T17:33:20.922Z', 'owner', 'Implement red/yellow/green flag reporting across risk layers (AI-monitored)', '“Implement red/yellow/green flag reporting across risk layers (AI-monitored)”: owner Daniel e L → Daniel e Lu', NULL),
('knloqosx', '2026-06-19T17:33:20.971Z', 'owner', 'Implement red/yellow/green flag reporting across risk layers (AI-monitored)', '“Implement red/yellow/green flag reporting across risk layers (AI-monitored)”: owner Daniel e Lu → Daniel e Lui', NULL),
('vdlt9mah', '2026-06-19T17:33:20.999Z', 'owner', 'Implement red/yellow/green flag reporting across risk layers (AI-monitored)', '“Implement red/yellow/green flag reporting across risk layers (AI-monitored)”: owner Daniel e Lui → Daniel e Luiz', NULL),
('t3ujd44d', '2026-06-19T17:33:21.053Z', 'owner', 'Implement red/yellow/green flag reporting across risk layers (AI-monitored)', '“Implement red/yellow/green flag reporting across risk layers (AI-monitored)”: owner Daniel e Luiz → Daniel e Luiza', NULL),
('3g3otlqu', '2026-06-19T17:33:25.488Z', 'owner', 'Implement red/yellow/green flag reporting across risk layers (AI-monitored)', '“Implement red/yellow/green flag reporting across risk layers (AI-monitored)”: owner Daniel e Luiza → Daniel e Luiz', NULL),
('ruttkbuw', '2026-06-19T17:33:25.505Z', 'owner', 'Implement red/yellow/green flag reporting across risk layers (AI-monitored)', '“Implement red/yellow/green flag reporting across risk layers (AI-monitored)”: owner Daniel e Luiz → Daniel e Lui', NULL),
('s19b21zt', '2026-06-19T17:33:25.522Z', 'owner', 'Implement red/yellow/green flag reporting across risk layers (AI-monitored)', '“Implement red/yellow/green flag reporting across risk layers (AI-monitored)”: owner Daniel e Lui → Daniel e Lu', NULL),
('q9tm3qmv', '2026-06-19T17:33:25.539Z', 'owner', 'Implement red/yellow/green flag reporting across risk layers (AI-monitored)', '“Implement red/yellow/green flag reporting across risk layers (AI-monitored)”: owner Daniel e Lu → Daniel e L', NULL),
('a6p2h62p', '2026-06-19T17:33:26.796Z', 'owner', 'Implement red/yellow/green flag reporting across risk layers (AI-monitored)', '“Implement red/yellow/green flag reporting across risk layers (AI-monitored)”: owner Daniel e L → Daniel e Lu', NULL),
('nzqixc2r', '2026-06-19T17:33:26.836Z', 'owner', 'Implement red/yellow/green flag reporting across risk layers (AI-monitored)', '“Implement red/yellow/green flag reporting across risk layers (AI-monitored)”: owner Daniel e Lu → Daniel e Lui', NULL),
('ouigom25', '2026-06-19T17:33:26.864Z', 'owner', 'Implement red/yellow/green flag reporting across risk layers (AI-monitored)', '“Implement red/yellow/green flag reporting across risk layers (AI-monitored)”: owner Daniel e Lui → Daniel e Luis', NULL),
('lajo70wf', '2026-06-19T17:33:26.927Z', 'owner', 'Implement red/yellow/green flag reporting across risk layers (AI-monitored)', '“Implement red/yellow/green flag reporting across risk layers (AI-monitored)”: owner Daniel e Luis → Daniel e Luisa', NULL),
('c87zb4di', '2026-06-19T17:34:13.711Z', 'owner', 'Establish an in-office CCO function with AI support', '“Establish an in-office CCO function with AI support”: owner unassigned → C', NULL),
('4jnbchzi', '2026-06-19T17:34:13.855Z', 'owner', 'Establish an in-office CCO function with AI support', '“Establish an in-office CCO function with AI support”: owner C → Ca', NULL),
('hrroq6kz', '2026-06-19T17:34:13.979Z', 'owner', 'Establish an in-office CCO function with AI support', '“Establish an in-office CCO function with AI support”: owner Ca → Car', NULL),
('bpdgjoac', '2026-06-19T17:34:14.104Z', 'owner', 'Establish an in-office CCO function with AI support', '“Establish an in-office CCO function with AI support”: owner Car → Carl', NULL),
('uekyzkxi', '2026-06-19T17:34:14.173Z', 'owner', 'Establish an in-office CCO function with AI support', '“Establish an in-office CCO function with AI support”: owner Carl → Carla', NULL),
('bl33211n', '2026-06-19T17:34:14.576Z', 'owner', 'Establish an in-office CCO function with AI support', '“Establish an in-office CCO function with AI support”: owner Carla → Carla ', NULL),
('hefy3bp9', '2026-06-19T17:34:14.856Z', 'owner', 'Establish an in-office CCO function with AI support', '“Establish an in-office CCO function with AI support”: owner Carla  → Carla B', NULL),
('nymlmmag', '2026-06-19T17:34:15.052Z', 'owner', 'Establish an in-office CCO function with AI support', '“Establish an in-office CCO function with AI support”: owner Carla B → Carla Bi', NULL),
('bzy37v2p', '2026-06-19T17:34:15.573Z', 'owner', 'Establish an in-office CCO function with AI support', '“Establish an in-office CCO function with AI support”: owner Carla Bi → Carla Bia', NULL),
('r1rt950n', '2026-06-19T17:34:20.861Z', 'owner', 'Establish an in-office CCO function with AI support', '“Establish an in-office CCO function with AI support”: owner Carla Bia → Carla Bias', NULL),
('0efh68il', '2026-06-19T17:34:21.533Z', 'owner', 'Establish an in-office CCO function with AI support', '“Establish an in-office CCO function with AI support”: owner Carla Bias → Carla Biasi', NULL),
('39iy0olr', '2026-06-19T17:34:34.367Z', 'owner', 'Establish an in-office CCO function with AI support', '“Establish an in-office CCO function with AI support”: owner Carla Biasi → CCarla Biasi', NULL),
('715vtixo', '2026-06-19T17:34:34.494Z', 'owner', 'Establish an in-office CCO function with AI support', '“Establish an in-office CCO function with AI support”: owner CCarla Biasi → CeCarla Biasi', NULL),
('a7nu9aw7', '2026-06-19T17:34:34.729Z', 'owner', 'Establish an in-office CCO function with AI support', '“Establish an in-office CCO function with AI support”: owner CeCarla Biasi → CesCarla Biasi', NULL),
('aedl4uco', '2026-06-19T17:34:34.979Z', 'owner', 'Establish an in-office CCO function with AI support', '“Establish an in-office CCO function with AI support”: owner CesCarla Biasi → CesaCarla Biasi', NULL),
('wvoyvr10', '2026-06-19T17:34:35.165Z', 'owner', 'Establish an in-office CCO function with AI support', '“Establish an in-office CCO function with AI support”: owner CesaCarla Biasi → CesarCarla Biasi', NULL),
('uh9nv3p6', '2026-06-19T17:34:35.720Z', 'owner', 'Establish an in-office CCO function with AI support', '“Establish an in-office CCO function with AI support”: owner CesarCarla Biasi → Cesar Carla Biasi', NULL),
('b8ghaj5q', '2026-06-19T17:34:35.859Z', 'owner', 'Establish an in-office CCO function with AI support', '“Establish an in-office CCO function with AI support”: owner Cesar Carla Biasi → Cesar eCarla Biasi', NULL),
('wnkh1rag', '2026-06-19T17:34:35.973Z', 'owner', 'Establish an in-office CCO function with AI support', '“Establish an in-office CCO function with AI support”: owner Cesar eCarla Biasi → Cesar e Carla Biasi', NULL),
('gfqoq9ek', '2026-06-19T17:34:54.216Z', 'remove', 'Create mandatory DD checklists for all asset classes', 'Removed “Create mandatory DD checklists for all asset classes”', NULL),
('nl8yahib', '2026-06-19T17:35:07.261Z', 'owner', 'Provide IR with regular portfolio updates', '“Provide IR with regular portfolio updates”: owner unassigned → L', NULL),
('4f5lf3vo', '2026-06-19T17:35:07.458Z', 'owner', 'Provide IR with regular portfolio updates', '“Provide IR with regular portfolio updates”: owner L → Lu', NULL),
('z329ycho', '2026-06-19T17:35:07.504Z', 'owner', 'Provide IR with regular portfolio updates', '“Provide IR with regular portfolio updates”: owner Lu → Lui', NULL),
('61cc24u0', '2026-06-19T17:35:07.550Z', 'owner', 'Provide IR with regular portfolio updates', '“Provide IR with regular portfolio updates”: owner Lui → Luis', NULL),
('cj0yeozb', '2026-06-19T17:35:07.607Z', 'owner', 'Provide IR with regular portfolio updates', '“Provide IR with regular portfolio updates”: owner Luis → Luisa', NULL),
('w8ztlnv3', '2026-06-19T17:35:07.757Z', 'owner', 'Provide IR with regular portfolio updates', '“Provide IR with regular portfolio updates”: owner Luisa → Luisa ', NULL),
('i6o17n7o', '2026-06-19T17:35:07.980Z', 'owner', 'Provide IR with regular portfolio updates', '“Provide IR with regular portfolio updates”: owner Luisa  → Luisa E', NULL),
('ou1dtqba', '2026-06-19T17:35:08.009Z', 'owner', 'Provide IR with regular portfolio updates', '“Provide IR with regular portfolio updates”: owner Luisa E → Luisa ER', NULL),
('t49230t7', '2026-06-19T17:35:08.589Z', 'owner', 'Provide IR with regular portfolio updates', '“Provide IR with regular portfolio updates”: owner Luisa ER → Luisa E', NULL),
('jnbjjv88', '2026-06-19T17:35:08.740Z', 'owner', 'Provide IR with regular portfolio updates', '“Provide IR with regular portfolio updates”: owner Luisa E → Luisa ', NULL),
('n232zp5v', '2026-06-19T17:35:08.838Z', 'owner', 'Provide IR with regular portfolio updates', '“Provide IR with regular portfolio updates”: owner Luisa  → Luisa R', NULL),
('hl17stpt', '2026-06-19T17:35:08.997Z', 'owner', 'Provide IR with regular portfolio updates', '“Provide IR with regular portfolio updates”: owner Luisa R → Luisa Re', NULL),
('kp5jgdia', '2026-06-19T17:35:09.162Z', 'owner', 'Provide IR with regular portfolio updates', '“Provide IR with regular portfolio updates”: owner Luisa Re → Luisa Rei', NULL),
('9epwqd7f', '2026-06-19T17:35:09.277Z', 'owner', 'Provide IR with regular portfolio updates', '“Provide IR with regular portfolio updates”: owner Luisa Rei → Luisa Reis', NULL),
('ye8qmebw', '2026-06-19T17:35:19.254Z', 'owner', 'Enhance investor communication with AI-assisted tools', '“Enhance investor communication with AI-assisted tools”: owner unassigned → L', NULL),
('ilph3bba', '2026-06-19T17:35:19.443Z', 'owner', 'Enhance investor communication with AI-assisted tools', '“Enhance investor communication with AI-assisted tools”: owner L → Lu', NULL),
('dze0uykm', '2026-06-19T17:35:19.491Z', 'owner', 'Enhance investor communication with AI-assisted tools', '“Enhance investor communication with AI-assisted tools”: owner Lu → Lui', NULL),
('b0ew7pj4', '2026-06-19T17:35:19.609Z', 'owner', 'Enhance investor communication with AI-assisted tools', '“Enhance investor communication with AI-assisted tools”: owner Lui → Luis', NULL),
('gdtmuukr', '2026-06-19T17:35:19.670Z', 'owner', 'Enhance investor communication with AI-assisted tools', '“Enhance investor communication with AI-assisted tools”: owner Luis → Luisa', NULL),
('rhy7yrw2', '2026-06-19T17:35:19.831Z', 'owner', 'Enhance investor communication with AI-assisted tools', '“Enhance investor communication with AI-assisted tools”: owner Luisa → Luisa ', NULL),
('15mp4ds4', '2026-06-19T17:35:20.011Z', 'owner', 'Enhance investor communication with AI-assisted tools', '“Enhance investor communication with AI-assisted tools”: owner Luisa  → Luisa R', NULL),
('afa5kh1j', '2026-06-19T17:35:20.183Z', 'owner', 'Enhance investor communication with AI-assisted tools', '“Enhance investor communication with AI-assisted tools”: owner Luisa R → Luisa Re', NULL),
('db8jzr6u', '2026-06-19T17:35:20.333Z', 'owner', 'Enhance investor communication with AI-assisted tools', '“Enhance investor communication with AI-assisted tools”: owner Luisa Re → Luisa Rei', NULL),
('rfu7oau2', '2026-06-19T17:35:20.400Z', 'owner', 'Enhance investor communication with AI-assisted tools', '“Enhance investor communication with AI-assisted tools”: owner Luisa Rei → Luisa Reis', NULL),
('xy3j60eq', '2026-06-19T17:37:19.956Z', 'owner', 'Increase events with local partners', '“Increase events with local partners”: owner unassigned → L', NULL),
('4mzwy088', '2026-06-19T17:37:20.143Z', 'owner', 'Increase events with local partners', '“Increase events with local partners”: owner L → Lu', NULL),
('pwaeg4pd', '2026-06-19T17:37:20.195Z', 'owner', 'Increase events with local partners', '“Increase events with local partners”: owner Lu → Lui', NULL),
('1bfn8fp5', '2026-06-19T17:37:20.226Z', 'owner', 'Increase events with local partners', '“Increase events with local partners”: owner Lui → Luis', NULL),
('ygwbxmg9', '2026-06-19T17:37:20.285Z', 'owner', 'Increase events with local partners', '“Increase events with local partners”: owner Luis → Luisa', NULL),
('rlwfnm5i', '2026-06-19T17:37:20.482Z', 'owner', 'Increase events with local partners', '“Increase events with local partners”: owner Luisa → Luisa ', NULL),
('sknh7g6y', '2026-06-19T17:37:20.741Z', 'owner', 'Increase events with local partners', '“Increase events with local partners”: owner Luisa  → Luisa R', NULL),
('iok1skxf', '2026-06-19T17:37:20.908Z', 'owner', 'Increase events with local partners', '“Increase events with local partners”: owner Luisa R → Luisa Re', NULL),
('exbthm7f', '2026-06-19T17:37:21.040Z', 'owner', 'Increase events with local partners', '“Increase events with local partners”: owner Luisa Re → Luisa Rei', NULL),
('gk4cvnfq', '2026-06-19T17:37:21.094Z', 'owner', 'Increase events with local partners', '“Increase events with local partners”: owner Luisa Rei → Luisa Reis', NULL),
('ph5nwdj0', '2026-06-19T17:40:11.284Z', 'owner', 'Strengthen local fundraising efforts', '“Strengthen local fundraising efforts”: owner unassigned → L', NULL),
('ccir4yn1', '2026-06-19T17:40:11.469Z', 'owner', 'Strengthen local fundraising efforts', '“Strengthen local fundraising efforts”: owner L → Lu', NULL),
('ea23d00p', '2026-06-19T17:40:11.524Z', 'owner', 'Strengthen local fundraising efforts', '“Strengthen local fundraising efforts”: owner Lu → Lui', NULL),
('yuiwj6kd', '2026-06-19T17:40:11.553Z', 'owner', 'Strengthen local fundraising efforts', '“Strengthen local fundraising efforts”: owner Lui → Luis', NULL),
('r11vkbn0', '2026-06-19T17:40:11.601Z', 'owner', 'Strengthen local fundraising efforts', '“Strengthen local fundraising efforts”: owner Luis → Luisa', NULL),
('ha3glgm0', '2026-06-19T17:40:11.727Z', 'owner', 'Strengthen local fundraising efforts', '“Strengthen local fundraising efforts”: owner Luisa → Luisa ', NULL),
('u3fl23vr', '2026-06-19T17:40:11.898Z', 'owner', 'Strengthen local fundraising efforts', '“Strengthen local fundraising efforts”: owner Luisa  → Luisa R', NULL),
('4ngwccr3', '2026-06-19T17:40:12.033Z', 'owner', 'Strengthen local fundraising efforts', '“Strengthen local fundraising efforts”: owner Luisa R → Luisa Re', NULL),
('ni4xlmjd', '2026-06-19T17:40:12.180Z', 'owner', 'Strengthen local fundraising efforts', '“Strengthen local fundraising efforts”: owner Luisa Re → Luisa Rei', NULL),
('kyhlala8', '2026-06-19T17:40:12.242Z', 'owner', 'Strengthen local fundraising efforts', '“Strengthen local fundraising efforts”: owner Luisa Rei → Luisa Reis', NULL),
('ayhwl9x0', '2026-06-19T17:40:28.686Z', 'owner', 'Develop a local fundraising strategy for US products (e.g., XP)', '“Develop a local fundraising strategy for US products (e.g., XP)”: owner unassigned → C', NULL),
('stf3i9gv', '2026-06-19T17:40:32.157Z', 'owner', 'Develop a local fundraising strategy for US products (e.g., XP)', '“Develop a local fundraising strategy for US products (e.g., XP)”: owner C → Cesar Collier', NULL),
('2805uwi1', '2026-06-19T17:41:05.627Z', 'owner', 'Develop a local fundraising strategy for US products (e.g., XP)', '“Develop a local fundraising strategy for US products (e.g., XP)”: owner Cesar Collier → L', NULL),
('ve3zzrdz', '2026-06-19T17:41:05.824Z', 'owner', 'Develop a local fundraising strategy for US products (e.g., XP)', '“Develop a local fundraising strategy for US products (e.g., XP)”: owner L → Lu', NULL),
('6fxh71jw', '2026-06-19T17:41:05.873Z', 'owner', 'Develop a local fundraising strategy for US products (e.g., XP)', '“Develop a local fundraising strategy for US products (e.g., XP)”: owner Lu → Lui', NULL),
('qi94lg5q', '2026-06-19T17:41:05.909Z', 'owner', 'Develop a local fundraising strategy for US products (e.g., XP)', '“Develop a local fundraising strategy for US products (e.g., XP)”: owner Lui → Luis', NULL),
('2trcflyy', '2026-06-19T17:41:05.952Z', 'owner', 'Develop a local fundraising strategy for US products (e.g., XP)', '“Develop a local fundraising strategy for US products (e.g., XP)”: owner Luis → Luisa', NULL),
('k134yzhx', '2026-06-19T17:41:06.076Z', 'owner', 'Develop a local fundraising strategy for US products (e.g., XP)', '“Develop a local fundraising strategy for US products (e.g., XP)”: owner Luisa → Luisa ', NULL),
('es2pl42h', '2026-06-19T17:41:06.253Z', 'owner', 'Develop a local fundraising strategy for US products (e.g., XP)', '“Develop a local fundraising strategy for US products (e.g., XP)”: owner Luisa  → Luisa R', NULL),
('w4nx4xhe', '2026-06-19T17:41:06.347Z', 'owner', 'Develop a local fundraising strategy for US products (e.g., XP)', '“Develop a local fundraising strategy for US products (e.g., XP)”: owner Luisa R → Luisa Re', NULL),
('44blmsue', '2026-06-19T17:41:06.491Z', 'owner', 'Develop a local fundraising strategy for US products (e.g., XP)', '“Develop a local fundraising strategy for US products (e.g., XP)”: owner Luisa Re → Luisa Rei', NULL),
('009nqy6u', '2026-06-19T17:41:06.592Z', 'owner', 'Develop a local fundraising strategy for US products (e.g., XP)', '“Develop a local fundraising strategy for US products (e.g., XP)”: owner Luisa Rei → Luisa Reis', NULL),
('w0wcut6e', '2026-06-19T20:11:49.983Z', 'health', 'Schedule an offsite & implement a recurring culture meeting', '“Schedule an offsite & implement a recurring culture meeting”: health set to On track', NULL),
('sqplvna3', '2026-06-23T23:08:27.861Z', 'owner', 'Implement formal governance for invested partners (Lass, VLS, Almina, Ticiano AI tool)', 'Assigned “Implement formal governance for invested partners (Lass, VLS, Almina, Ticiano AI tool)” to Daniel Vieira · Aranha', NULL),
('sf4if2qm', '2026-06-23T23:08:29.554Z', 'owner', 'Implement formal governance for invested partners (Lass, VLS, Almina, Ticiano AI tool)', 'Assigned “Implement formal governance for invested partners (Lass, VLS, Almina, Ticiano AI tool)” to Daniel Vieira · Pedro Aranha', NULL),
('6wj9ygwd', '2026-06-23T23:08:37.242Z', 'owner', 'Explore creation of a Consignado company modeled on Lass', 'Assigned “Explore creation of a Consignado company modeled on Lass” to Daniel Vieira · Pedro', NULL),
('84fn81l7', '2026-06-23T23:08:38.387Z', 'owner', 'Explore creation of a Consignado company modeled on Lass', 'Assigned “Explore creation of a Consignado company modeled on Lass” to Daniel Vieira · Pedro Aranha', NULL),
('dderu0r3', '2026-06-23T23:08:44.614Z', 'owner', 'Implement red/yellow/green flag reporting across risk layers (AI-monitored)', 'Assigned “Implement red/yellow/green flag reporting across risk layers (AI-monitored)” to Daniel Vieira · Luisa', NULL),
('hnl6u7s5', '2026-06-23T23:08:46.306Z', 'owner', 'Implement red/yellow/green flag reporting across risk layers (AI-monitored)', 'Assigned “Implement red/yellow/green flag reporting across risk layers (AI-monitored)” to Daniel Vieira · Luisa Reis', NULL),
('oe2ulnk8', '2026-06-23T23:08:51.132Z', 'owner', 'Establish an in-office CCO function with AI support', 'Assigned “Establish an in-office CCO function with AI support” to Cesar Collier · Carla Biasi', NULL)
ON CONFLICT ("id") DO NOTHING;
INSERT INTO "history" ("week","date","overall","done","total","cats") VALUES
('2026-W25', '2026-06-19', 0, 0, 36, '[{"name":"Team & Culture","color":"#c2683a","pct":0},{"name":"Portfolio Management","color":"#2f6b5e","pct":0},{"name":"Partners & SG Ecosystem","color":"#5b6aa8","pct":0},{"name":"Investing, Due Diligence & Risk","color":"#a8443a","pct":0},{"name":"Fundraising, PR & Investor Relations","color":"#b08527","pct":0}]'::jsonb),
('2026-W26', '2026-06-23', 0, 0, 36, '[{"name":"Team & Culture","color":"#c2683a","pct":0},{"name":"Portfolio Management","color":"#2f6b5e","pct":0},{"name":"Partners & SG Ecosystem","color":"#5b6aa8","pct":0},{"name":"Investing, Due Diligence & Risk","color":"#a8443a","pct":0},{"name":"Fundraising, PR & Investor Relations","color":"#b08527","pct":0}]'::jsonb)
ON CONFLICT ("week") DO NOTHING;
